[04-30-2018 15:49:21]	[Train:train] Iter:0	loss=0.753329
[04-30-2018 15:49:40]	[Eval:test] Iter:0	accuracy=0.602108
[04-30-2018 15:49:48]	[Eval:valid] Iter:0	accuracy=0.600081
[04-30-2018 15:49:57]	[Train:train] Iter:1	loss=0.705793
[04-30-2018 15:50:07]	[Eval:test] Iter:1	accuracy=0.630342
[04-30-2018 15:50:15]	[Eval:valid] Iter:1	accuracy=0.633100
[04-30-2018 15:50:24]	[Train:train] Iter:2	loss=0.690427
[04-30-2018 15:50:33]	[Eval:test] Iter:2	accuracy=0.630710
[04-30-2018 15:50:41]	[Eval:valid] Iter:2	accuracy=0.633422
[04-30-2018 15:50:50]	[Train:train] Iter:3	loss=0.677167
[04-30-2018 15:50:59]	[Eval:test] Iter:3	accuracy=0.630637
[04-30-2018 15:51:07]	[Eval:valid] Iter:3	accuracy=0.633348
[04-30-2018 15:51:16]	[Train:train] Iter:4	loss=0.670579
[04-30-2018 15:51:25]	[Eval:test] Iter:4	accuracy=0.630613
[04-30-2018 15:51:33]	[Eval:valid] Iter:4	accuracy=0.633299
[04-30-2018 15:51:41]	[Train:train] Iter:5	loss=0.668791
[04-30-2018 15:51:50]	[Eval:test] Iter:5	accuracy=0.630613
[04-30-2018 15:51:58]	[Eval:valid] Iter:5	accuracy=0.633299
[04-30-2018 15:52:06]	[Train:train] Iter:6	loss=0.661761
[04-30-2018 15:52:15]	[Eval:test] Iter:6	accuracy=0.630613
[04-30-2018 15:52:24]	[Eval:valid] Iter:6	accuracy=0.633275
[04-30-2018 15:52:32]	[Train:train] Iter:7	loss=0.655631
[04-30-2018 15:52:41]	[Eval:test] Iter:7	accuracy=0.630564
[04-30-2018 15:52:50]	[Eval:valid] Iter:7	accuracy=0.633299
[04-30-2018 15:52:58]	[Train:train] Iter:8	loss=0.659984
[04-30-2018 15:53:07]	[Eval:test] Iter:8	accuracy=0.630661
[04-30-2018 15:53:15]	[Eval:valid] Iter:8	accuracy=0.633373
[04-30-2018 15:53:25]	[Train:train] Iter:9	loss=0.650270
[04-30-2018 15:53:35]	[Eval:test] Iter:9	accuracy=0.630832
[04-30-2018 15:53:44]	[Eval:valid] Iter:9	accuracy=0.633617
[04-30-2018 15:53:52]	[Train:train] Iter:10	loss=0.650095
[04-30-2018 15:54:01]	[Eval:test] Iter:10	accuracy=0.630930
[04-30-2018 15:54:08]	[Eval:valid] Iter:10	accuracy=0.633961
[04-30-2018 15:54:17]	[Train:train] Iter:11	loss=0.649993
[04-30-2018 15:54:26]	[Eval:test] Iter:11	accuracy=0.631101
[04-30-2018 15:54:34]	[Eval:valid] Iter:11	accuracy=0.634278
[04-30-2018 15:54:42]	[Train:train] Iter:12	loss=0.648991
[04-30-2018 15:54:51]	[Eval:test] Iter:12	accuracy=0.631711
[04-30-2018 15:55:00]	[Eval:valid] Iter:12	accuracy=0.634964
[04-30-2018 15:55:08]	[Train:train] Iter:13	loss=0.645841
[04-30-2018 15:55:17]	[Eval:test] Iter:13	accuracy=0.632983
[04-30-2018 15:55:25]	[Eval:valid] Iter:13	accuracy=0.636136
[04-30-2018 15:55:34]	[Train:train] Iter:14	loss=0.643039
[04-30-2018 15:55:43]	[Eval:test] Iter:14	accuracy=0.633400
[04-30-2018 15:55:52]	[Eval:valid] Iter:14	accuracy=0.636136
[04-30-2018 15:56:01]	[Train:train] Iter:15	loss=0.646113
[04-30-2018 15:56:10]	[Eval:test] Iter:15	accuracy=0.633839
[04-30-2018 15:56:19]	[Eval:valid] Iter:15	accuracy=0.636722
[04-30-2018 15:56:27]	[Train:train] Iter:16	loss=0.646293
[04-30-2018 15:56:36]	[Eval:test] Iter:16	accuracy=0.635402
[04-30-2018 15:56:45]	[Eval:valid] Iter:16	accuracy=0.638876
[04-30-2018 15:56:53]	[Train:train] Iter:17	loss=0.640933
[04-30-2018 15:57:03]	[Eval:test] Iter:17	accuracy=0.638115
[04-30-2018 15:57:11]	[Eval:valid] Iter:17	accuracy=0.641635
[04-30-2018 15:57:19]	[Train:train] Iter:18	loss=0.641741
[04-30-2018 15:57:29]	[Eval:test] Iter:18	accuracy=0.642459
[04-30-2018 15:57:37]	[Eval:valid] Iter:18	accuracy=0.647356
[04-30-2018 15:57:46]	[Train:train] Iter:19	loss=0.642202
[04-30-2018 15:57:55]	[Eval:test] Iter:19	accuracy=0.644392
[04-30-2018 15:58:04]	[Eval:valid] Iter:19	accuracy=0.649183
[04-30-2018 15:58:12]	[Train:train] Iter:20	loss=0.638858
[04-30-2018 15:58:21]	[Eval:test] Iter:20	accuracy=0.646178
[04-30-2018 15:58:29]	[Eval:valid] Iter:20	accuracy=0.650843
[04-30-2018 15:58:38]	[Train:train] Iter:21	loss=0.637804
[04-30-2018 15:58:47]	[Eval:test] Iter:21	accuracy=0.644733
[04-30-2018 15:58:57]	[Eval:valid] Iter:21	accuracy=0.649602
[04-30-2018 15:59:05]	[Train:train] Iter:22	loss=0.638280
[04-30-2018 15:59:14]	[Eval:test] Iter:22	accuracy=0.646687
[04-30-2018 15:59:23]	[Eval:valid] Iter:22	accuracy=0.651332
[04-30-2018 15:59:31]	[Train:train] Iter:23	loss=0.634173
[04-30-2018 15:59:40]	[Eval:test] Iter:23	accuracy=0.648029
[04-30-2018 15:59:49]	[Eval:valid] Iter:23	accuracy=0.652943
[04-30-2018 15:59:58]	[Train:train] Iter:24	loss=0.633276
[04-30-2018 16:00:09]	[Eval:test] Iter:24	accuracy=0.650521
[04-30-2018 16:00:17]	[Eval:valid] Iter:24	accuracy=0.655091
[04-30-2018 16:00:26]	[Train:train] Iter:25	loss=0.629897
[04-30-2018 16:00:35]	[Eval:test] Iter:25	accuracy=0.652155
[04-30-2018 16:00:43]	[Eval:valid] Iter:25	accuracy=0.657122
[04-30-2018 16:00:51]	[Train:train] Iter:26	loss=0.632228
[04-30-2018 16:01:00]	[Eval:test] Iter:26	accuracy=0.654446
[04-30-2018 16:01:08]	[Eval:valid] Iter:26	accuracy=0.659519
[04-30-2018 16:01:17]	[Train:train] Iter:27	loss=0.625912
[04-30-2018 16:01:26]	[Eval:test] Iter:27	accuracy=0.657985
[04-30-2018 16:01:34]	[Eval:valid] Iter:27	accuracy=0.662015
[04-30-2018 16:01:43]	[Train:train] Iter:28	loss=0.626759
[04-30-2018 16:01:52]	[Eval:test] Iter:28	accuracy=0.658208
[04-30-2018 16:02:01]	[Eval:valid] Iter:28	accuracy=0.662823
[04-30-2018 16:02:09]	[Train:train] Iter:29	loss=0.631523
[04-30-2018 16:02:18]	[Eval:test] Iter:29	accuracy=0.660313
[04-30-2018 16:02:26]	[Eval:valid] Iter:29	accuracy=0.664286
[04-30-2018 16:02:35]	[Train:train] Iter:30	loss=0.623766
[04-30-2018 16:02:44]	[Eval:test] Iter:30	accuracy=0.660973
[04-30-2018 16:02:53]	[Eval:valid] Iter:30	accuracy=0.664920
[04-30-2018 16:03:01]	[Train:train] Iter:31	loss=0.621982
[04-30-2018 16:03:10]	[Eval:test] Iter:31	accuracy=0.662875
[04-30-2018 16:03:18]	[Eval:valid] Iter:31	accuracy=0.666576
[04-30-2018 16:03:27]	[Train:train] Iter:32	loss=0.625548
[04-30-2018 16:03:36]	[Eval:test] Iter:32	accuracy=0.668160
[04-30-2018 16:03:44]	[Eval:valid] Iter:32	accuracy=0.672829
[04-30-2018 16:03:52]	[Train:train] Iter:33	loss=0.625272
[04-30-2018 16:04:01]	[Eval:test] Iter:33	accuracy=0.675713
[04-30-2018 16:04:09]	[Eval:valid] Iter:33	accuracy=0.679648
[04-30-2018 16:04:19]	[Train:train] Iter:34	loss=0.626956
[04-30-2018 16:04:28]	[Eval:test] Iter:34	accuracy=0.673392
[04-30-2018 16:04:37]	[Eval:valid] Iter:34	accuracy=0.677764
[04-30-2018 16:04:45]	[Train:train] Iter:35	loss=0.624164
[04-30-2018 16:04:54]	[Eval:test] Iter:35	accuracy=0.672806
[04-30-2018 16:05:02]	[Eval:valid] Iter:35	accuracy=0.677298
[04-30-2018 16:05:11]	[Train:train] Iter:36	loss=0.624530
[04-30-2018 16:05:20]	[Eval:test] Iter:36	accuracy=0.674566
[04-30-2018 16:05:28]	[Eval:valid] Iter:36	accuracy=0.679422
[04-30-2018 16:05:37]	[Train:train] Iter:37	loss=0.616525
[04-30-2018 16:05:45]	[Eval:test] Iter:37	accuracy=0.675567
[04-30-2018 16:05:54]	[Eval:valid] Iter:37	accuracy=0.680108
[04-30-2018 16:06:02]	[Train:train] Iter:38	loss=0.608591
[04-30-2018 16:06:11]	[Eval:test] Iter:38	accuracy=0.675985
[04-30-2018 16:06:19]	[Eval:valid] Iter:38	accuracy=0.680843
[04-30-2018 16:06:28]	[Train:train] Iter:39	loss=0.619145
[04-30-2018 16:06:37]	[Eval:test] Iter:39	accuracy=0.680211
[04-30-2018 16:06:45]	[Eval:valid] Iter:39	accuracy=0.684662
[04-30-2018 16:06:54]	[Train:train] Iter:40	loss=0.621147
[04-30-2018 16:07:03]	[Eval:test] Iter:40	accuracy=0.691180
[04-30-2018 16:07:11]	[Eval:valid] Iter:40	accuracy=0.695644
[04-30-2018 16:07:20]	[Train:train] Iter:41	loss=0.616057
[04-30-2018 16:07:28]	[Eval:test] Iter:41	accuracy=0.692478
[04-30-2018 16:07:37]	[Eval:valid] Iter:41	accuracy=0.697134
[04-30-2018 16:07:45]	[Train:train] Iter:42	loss=0.611671
[04-30-2018 16:07:54]	[Eval:test] Iter:42	accuracy=0.687606
[04-30-2018 16:08:02]	[Eval:valid] Iter:42	accuracy=0.692442
[04-30-2018 16:08:10]	[Train:train] Iter:43	loss=0.616903
[04-30-2018 16:08:19]	[Eval:test] Iter:43	accuracy=0.687390
[04-30-2018 16:08:27]	[Eval:valid] Iter:43	accuracy=0.691779
[04-30-2018 16:08:36]	[Train:train] Iter:44	loss=0.612428
[04-30-2018 16:08:45]	[Eval:test] Iter:44	accuracy=0.690320
[04-30-2018 16:08:53]	[Eval:valid] Iter:44	accuracy=0.695471
[04-30-2018 16:09:01]	[Train:train] Iter:45	loss=0.605440
[04-30-2018 16:09:10]	[Eval:test] Iter:45	accuracy=0.686487
[04-30-2018 16:09:19]	[Eval:valid] Iter:45	accuracy=0.690383
[04-30-2018 16:09:27]	[Train:train] Iter:46	loss=0.609951
[04-30-2018 16:09:35]	[Eval:test] Iter:46	accuracy=0.692649
[04-30-2018 16:09:46]	[Eval:valid] Iter:46	accuracy=0.697256
[04-30-2018 16:09:54]	[Train:train] Iter:47	loss=0.606488
[04-30-2018 16:10:03]	[Eval:test] Iter:47	accuracy=0.699438
[04-30-2018 16:10:11]	[Eval:valid] Iter:47	accuracy=0.702485
[04-30-2018 16:10:19]	[Train:train] Iter:48	loss=0.603491
[04-30-2018 16:10:28]	[Eval:test] Iter:48	accuracy=0.696311
[04-30-2018 16:10:37]	[Eval:valid] Iter:48	accuracy=0.699408
[04-30-2018 16:10:45]	[Train:train] Iter:49	loss=0.608913
[04-30-2018 16:10:54]	[Eval:test] Iter:49	accuracy=0.700217
[04-30-2018 16:11:02]	[Eval:valid] Iter:49	accuracy=0.703017
[04-30-2018 16:11:10]	[Train:train] Iter:50	loss=0.598917
[04-30-2018 16:11:19]	[Eval:test] Iter:50	accuracy=0.701883
[04-30-2018 16:11:27]	[Eval:valid] Iter:50	accuracy=0.704930
[04-30-2018 16:11:36]	[Train:train] Iter:51	loss=0.603242
[04-30-2018 16:11:45]	[Eval:test] Iter:51	accuracy=0.702860
[04-30-2018 16:11:54]	[Eval:valid] Iter:51	accuracy=0.705760
[04-30-2018 16:12:03]	[Train:train] Iter:52	loss=0.596821
[04-30-2018 16:12:12]	[Eval:test] Iter:52	accuracy=0.705669
[04-30-2018 16:12:20]	[Eval:valid] Iter:52	accuracy=0.708446
[04-30-2018 16:12:29]	[Train:train] Iter:53	loss=0.599719
[04-30-2018 16:12:38]	[Eval:test] Iter:53	accuracy=0.704105
[04-30-2018 16:12:46]	[Eval:valid] Iter:53	accuracy=0.708177
[04-30-2018 16:12:55]	[Train:train] Iter:54	loss=0.595753
[04-30-2018 16:13:03]	[Eval:test] Iter:54	accuracy=0.706770
[04-30-2018 16:13:12]	[Eval:valid] Iter:54	accuracy=0.710352
[04-30-2018 16:13:20]	[Train:train] Iter:55	loss=0.598494
[04-30-2018 16:13:29]	[Eval:test] Iter:55	accuracy=0.708188
[04-30-2018 16:13:37]	[Eval:valid] Iter:55	accuracy=0.711624
[04-30-2018 16:13:45]	[Train:train] Iter:56	loss=0.596068
[04-30-2018 16:13:54]	[Eval:test] Iter:56	accuracy=0.708411
[04-30-2018 16:14:03]	[Eval:valid] Iter:56	accuracy=0.712236
[04-30-2018 16:14:11]	[Train:train] Iter:57	loss=0.595536
[04-30-2018 16:14:20]	[Eval:test] Iter:57	accuracy=0.709996
[04-30-2018 16:14:28]	[Eval:valid] Iter:57	accuracy=0.713927
[04-30-2018 16:14:37]	[Train:train] Iter:58	loss=0.591906
[04-30-2018 16:14:46]	[Eval:test] Iter:58	accuracy=0.710214
[04-30-2018 16:14:54]	[Eval:valid] Iter:58	accuracy=0.713878
[04-30-2018 16:15:04]	[Train:train] Iter:59	loss=0.592739
[04-30-2018 16:15:13]	[Eval:test] Iter:59	accuracy=0.711701
[04-30-2018 16:15:23]	[Eval:valid] Iter:59	accuracy=0.715245
[04-30-2018 16:15:31]	[Train:train] Iter:60	loss=0.589412
[04-30-2018 16:15:40]	[Eval:test] Iter:60	accuracy=0.714269
[04-30-2018 16:15:48]	[Eval:valid] Iter:60	accuracy=0.718820
[04-30-2018 16:15:57]	[Train:train] Iter:61	loss=0.593926
[04-30-2018 16:16:05]	[Eval:test] Iter:61	accuracy=0.715542
[04-30-2018 16:16:14]	[Eval:valid] Iter:61	accuracy=0.719699
[04-30-2018 16:16:22]	[Train:train] Iter:62	loss=0.592614
[04-30-2018 16:16:31]	[Eval:test] Iter:62	accuracy=0.716098
[04-30-2018 16:16:40]	[Eval:valid] Iter:62	accuracy=0.719990
[04-30-2018 16:16:48]	[Train:train] Iter:63	loss=0.591297
[04-30-2018 16:16:57]	[Eval:test] Iter:63	accuracy=0.715906
[04-30-2018 16:17:05]	[Eval:valid] Iter:63	accuracy=0.720015
[04-30-2018 16:17:14]	[Train:train] Iter:64	loss=0.594327
[04-30-2018 16:17:23]	[Eval:test] Iter:64	accuracy=0.716860
[04-30-2018 16:17:31]	[Eval:valid] Iter:64	accuracy=0.721138
[04-30-2018 16:17:40]	[Train:train] Iter:65	loss=0.589657
[04-30-2018 16:17:49]	[Eval:test] Iter:65	accuracy=0.717005
[04-30-2018 16:17:57]	[Eval:valid] Iter:65	accuracy=0.721553
[04-30-2018 16:18:06]	[Train:train] Iter:66	loss=0.584374
[04-30-2018 16:18:16]	[Eval:test] Iter:66	accuracy=0.717420
[04-30-2018 16:18:24]	[Eval:valid] Iter:66	accuracy=0.722163
[04-30-2018 16:18:33]	[Train:train] Iter:67	loss=0.576895
[04-30-2018 16:18:41]	[Eval:test] Iter:67	accuracy=0.717226
[04-30-2018 16:18:49]	[Eval:valid] Iter:67	accuracy=0.721036
[04-30-2018 16:18:58]	[Train:train] Iter:68	loss=0.587609
[04-30-2018 16:19:07]	[Eval:test] Iter:68	accuracy=0.719230
[04-30-2018 16:19:16]	[Eval:valid] Iter:68	accuracy=0.723945
[04-30-2018 16:19:25]	[Train:train] Iter:69	loss=0.578988
[04-30-2018 16:19:34]	[Eval:test] Iter:69	accuracy=0.718447
[04-30-2018 16:19:42]	[Eval:valid] Iter:69	accuracy=0.723062
[04-30-2018 16:19:50]	[Train:train] Iter:70	loss=0.583876
[04-30-2018 16:19:59]	[Eval:test] Iter:70	accuracy=0.720596
[04-30-2018 16:20:07]	[Eval:valid] Iter:70	accuracy=0.725410
[04-30-2018 16:20:16]	[Train:train] Iter:71	loss=0.587309
[04-30-2018 16:20:24]	[Eval:test] Iter:71	accuracy=0.721846
[04-30-2018 16:20:35]	[Eval:valid] Iter:71	accuracy=0.726686
[04-30-2018 16:20:43]	[Train:train] Iter:72	loss=0.578108
[04-30-2018 16:20:52]	[Eval:test] Iter:72	accuracy=0.721553
[04-30-2018 16:21:01]	[Eval:valid] Iter:72	accuracy=0.726901
[04-30-2018 16:21:09]	[Train:train] Iter:73	loss=0.582321
[04-30-2018 16:21:17]	[Eval:test] Iter:73	accuracy=0.722408
[04-30-2018 16:21:25]	[Eval:valid] Iter:73	accuracy=0.727463
[04-30-2018 16:21:34]	[Train:train] Iter:74	loss=0.581249
[04-30-2018 16:21:42]	[Eval:test] Iter:74	accuracy=0.723362
[04-30-2018 16:21:51]	[Eval:valid] Iter:74	accuracy=0.728319
[04-30-2018 16:21:59]	[Train:train] Iter:75	loss=0.581591
[04-30-2018 16:22:08]	[Eval:test] Iter:75	accuracy=0.723191
[04-30-2018 16:22:16]	[Eval:valid] Iter:75	accuracy=0.728342
[04-30-2018 16:22:24]	[Train:train] Iter:76	loss=0.574241
[04-30-2018 16:22:33]	[Eval:test] Iter:76	accuracy=0.722282
[04-30-2018 16:22:41]	[Eval:valid] Iter:76	accuracy=0.726531
[04-30-2018 16:22:50]	[Train:train] Iter:77	loss=0.574915
[04-30-2018 16:22:59]	[Eval:test] Iter:77	accuracy=0.724633
[04-30-2018 16:23:07]	[Eval:valid] Iter:77	accuracy=0.729231
[04-30-2018 16:23:16]	[Train:train] Iter:78	loss=0.575220
[04-30-2018 16:23:24]	[Eval:test] Iter:78	accuracy=0.727122
[04-30-2018 16:23:33]	[Eval:valid] Iter:78	accuracy=0.731105
[04-30-2018 16:23:41]	[Train:train] Iter:79	loss=0.577922
[04-30-2018 16:23:50]	[Eval:test] Iter:79	accuracy=0.727980
[04-30-2018 16:23:59]	[Eval:valid] Iter:79	accuracy=0.732132
[04-30-2018 16:24:07]	[Train:train] Iter:80	loss=0.571942
[04-30-2018 16:24:16]	[Eval:test] Iter:80	accuracy=0.727955
[04-30-2018 16:24:25]	[Eval:valid] Iter:80	accuracy=0.731961
[04-30-2018 16:24:33]	[Train:train] Iter:81	loss=0.579088
[04-30-2018 16:24:42]	[Eval:test] Iter:81	accuracy=0.726810
[04-30-2018 16:24:50]	[Eval:valid] Iter:81	accuracy=0.730932
[04-30-2018 16:24:58]	[Train:train] Iter:82	loss=0.564309
[04-30-2018 16:25:07]	[Eval:test] Iter:82	accuracy=0.728322
[04-30-2018 16:25:15]	[Eval:valid] Iter:82	accuracy=0.732769
[04-30-2018 16:25:24]	[Train:train] Iter:83	loss=0.573454
[04-30-2018 16:25:32]	[Eval:test] Iter:83	accuracy=0.728100
[04-30-2018 16:25:40]	[Eval:valid] Iter:83	accuracy=0.732747
[04-30-2018 16:25:50]	[Train:train] Iter:84	loss=0.575363
[04-30-2018 16:25:59]	[Eval:test] Iter:84	accuracy=0.731477
[04-30-2018 16:26:07]	[Eval:valid] Iter:84	accuracy=0.735150
[04-30-2018 16:26:15]	[Train:train] Iter:85	loss=0.572319
[04-30-2018 16:26:24]	[Eval:test] Iter:85	accuracy=0.731231
[04-30-2018 16:26:32]	[Eval:valid] Iter:85	accuracy=0.735221
[04-30-2018 16:26:40]	[Train:train] Iter:86	loss=0.569341
[04-30-2018 16:26:50]	[Eval:test] Iter:86	accuracy=0.730038
[04-30-2018 16:26:59]	[Eval:valid] Iter:86	accuracy=0.734327
[04-30-2018 16:27:07]	[Train:train] Iter:87	loss=0.569226
[04-30-2018 16:27:16]	[Eval:test] Iter:87	accuracy=0.730573
[04-30-2018 16:27:24]	[Eval:valid] Iter:87	accuracy=0.733548
[04-30-2018 16:27:32]	[Train:train] Iter:88	loss=0.574067
[04-30-2018 16:27:41]	[Eval:test] Iter:88	accuracy=0.733700
[04-30-2018 16:27:49]	[Eval:valid] Iter:88	accuracy=0.736804
[04-30-2018 16:27:57]	[Train:train] Iter:89	loss=0.565131
[04-30-2018 16:28:06]	[Eval:test] Iter:89	accuracy=0.734042
[04-30-2018 16:28:14]	[Eval:valid] Iter:89	accuracy=0.737121
[04-30-2018 16:28:23]	[Train:train] Iter:90	loss=0.565481
[04-30-2018 16:28:31]	[Eval:test] Iter:90	accuracy=0.732898
[04-30-2018 16:28:40]	[Eval:valid] Iter:90	accuracy=0.736800
[04-30-2018 16:28:48]	[Train:train] Iter:91	loss=0.566501
[04-30-2018 16:28:57]	[Eval:test] Iter:91	accuracy=0.732237
[04-30-2018 16:29:05]	[Eval:valid] Iter:91	accuracy=0.735455
[04-30-2018 16:29:14]	[Train:train] Iter:92	loss=0.559030
[04-30-2018 16:29:23]	[Eval:test] Iter:92	accuracy=0.733753
[04-30-2018 16:29:31]	[Eval:valid] Iter:92	accuracy=0.736751
[04-30-2018 16:29:39]	[Train:train] Iter:93	loss=0.564979
[04-30-2018 16:29:47]	[Eval:test] Iter:93	accuracy=0.734243
[04-30-2018 16:29:55]	[Eval:valid] Iter:93	accuracy=0.738399
[04-30-2018 16:30:04]	[Train:train] Iter:94	loss=0.562139
[04-30-2018 16:30:13]	[Eval:test] Iter:94	accuracy=0.734286
[04-30-2018 16:30:21]	[Eval:valid] Iter:94	accuracy=0.737316
[04-30-2018 16:30:29]	[Train:train] Iter:95	loss=0.561834
[04-30-2018 16:30:38]	[Eval:test] Iter:95	accuracy=0.734536
[04-30-2018 16:30:47]	[Eval:valid] Iter:95	accuracy=0.738814
[04-30-2018 16:30:55]	[Train:train] Iter:96	loss=0.556590
[04-30-2018 16:31:04]	[Eval:test] Iter:96	accuracy=0.734534
[04-30-2018 16:31:14]	[Eval:valid] Iter:96	accuracy=0.738175
[04-30-2018 16:31:23]	[Train:train] Iter:97	loss=0.558732
[04-30-2018 16:31:32]	[Eval:test] Iter:97	accuracy=0.735804
[04-30-2018 16:31:41]	[Eval:valid] Iter:97	accuracy=0.739742
[04-30-2018 16:31:49]	[Train:train] Iter:98	loss=0.566050
[04-30-2018 16:31:59]	[Eval:test] Iter:98	accuracy=0.736906
[04-30-2018 16:32:07]	[Eval:valid] Iter:98	accuracy=0.740598
[04-30-2018 16:32:15]	[Train:train] Iter:99	loss=0.568396
[04-30-2018 16:32:25]	[Eval:test] Iter:99	accuracy=0.736930
[04-30-2018 16:32:34]	[Eval:valid] Iter:99	accuracy=0.740547
[04-30-2018 16:32:43]	[Train:train] Iter:100	loss=0.561508
[04-30-2018 16:32:52]	[Eval:test] Iter:100	accuracy=0.737516
[04-30-2018 16:33:00]	[Eval:valid] Iter:100	accuracy=0.741237
[04-30-2018 16:33:09]	[Train:train] Iter:101	loss=0.565115
[04-30-2018 16:33:18]	[Eval:test] Iter:101	accuracy=0.737240
[04-30-2018 16:33:26]	[Eval:valid] Iter:101	accuracy=0.740838
[04-30-2018 16:33:35]	[Train:train] Iter:102	loss=0.555912
[04-30-2018 16:33:44]	[Eval:test] Iter:102	accuracy=0.737924
[04-30-2018 16:33:52]	[Eval:valid] Iter:102	accuracy=0.741229
[04-30-2018 16:34:01]	[Train:train] Iter:103	loss=0.559530
[04-30-2018 16:34:10]	[Eval:test] Iter:103	accuracy=0.739402
[04-30-2018 16:34:18]	[Eval:valid] Iter:103	accuracy=0.742855
[04-30-2018 16:34:26]	[Train:train] Iter:104	loss=0.555638
[04-30-2018 16:34:35]	[Eval:test] Iter:104	accuracy=0.738829
[04-30-2018 16:34:43]	[Eval:valid] Iter:104	accuracy=0.742381
[04-30-2018 16:34:51]	[Train:train] Iter:105	loss=0.554332
[04-30-2018 16:35:00]	[Eval:test] Iter:105	accuracy=0.739047
[04-30-2018 16:35:08]	[Eval:valid] Iter:105	accuracy=0.742350
[04-30-2018 16:35:16]	[Train:train] Iter:106	loss=0.552137
[04-30-2018 16:35:24]	[Eval:test] Iter:106	accuracy=0.739195
[04-30-2018 16:35:33]	[Eval:valid] Iter:106	accuracy=0.742814
[04-30-2018 16:35:41]	[Train:train] Iter:107	loss=0.558513
[04-30-2018 16:35:50]	[Eval:test] Iter:107	accuracy=0.740377
[04-30-2018 16:35:58]	[Eval:valid] Iter:107	accuracy=0.743455
[04-30-2018 16:36:06]	[Train:train] Iter:108	loss=0.556585
[04-30-2018 16:36:15]	[Eval:test] Iter:108	accuracy=0.741699
[04-30-2018 16:36:23]	[Eval:valid] Iter:108	accuracy=0.744212
[04-30-2018 16:36:33]	[Train:train] Iter:109	loss=0.556086
[04-30-2018 16:36:41]	[Eval:test] Iter:109	accuracy=0.739250
[04-30-2018 16:36:50]	[Eval:valid] Iter:109	accuracy=0.743428
[04-30-2018 16:37:00]	[Train:train] Iter:110	loss=0.552656
[04-30-2018 16:37:09]	[Eval:test] Iter:110	accuracy=0.739785
[04-30-2018 16:37:17]	[Eval:valid] Iter:110	accuracy=0.743986
[04-30-2018 16:37:26]	[Train:train] Iter:111	loss=0.561678
[04-30-2018 16:37:34]	[Eval:test] Iter:111	accuracy=0.742255
[04-30-2018 16:37:42]	[Eval:valid] Iter:111	accuracy=0.744968
[04-30-2018 16:37:50]	[Train:train] Iter:112	loss=0.553570
[04-30-2018 16:37:59]	[Eval:test] Iter:112	accuracy=0.742645
[04-30-2018 16:38:07]	[Eval:valid] Iter:112	accuracy=0.745241
[04-30-2018 16:38:15]	[Train:train] Iter:113	loss=0.548107
[04-30-2018 16:38:24]	[Eval:test] Iter:113	accuracy=0.741009
[04-30-2018 16:38:33]	[Eval:valid] Iter:113	accuracy=0.744354
[04-30-2018 16:38:41]	[Train:train] Iter:114	loss=0.551932
[04-30-2018 16:38:50]	[Eval:test] Iter:114	accuracy=0.742110
[04-30-2018 16:38:59]	[Eval:valid] Iter:114	accuracy=0.745062
[04-30-2018 16:39:07]	[Train:train] Iter:115	loss=0.548225
[04-30-2018 16:39:16]	[Eval:test] Iter:115	accuracy=0.742891
[04-30-2018 16:39:24]	[Eval:valid] Iter:115	accuracy=0.745284
[04-30-2018 16:39:32]	[Train:train] Iter:116	loss=0.549502
[04-30-2018 16:39:42]	[Eval:test] Iter:116	accuracy=0.742255
[04-30-2018 16:39:51]	[Eval:valid] Iter:116	accuracy=0.745040
[04-30-2018 16:39:59]	[Train:train] Iter:117	loss=0.550293
[04-30-2018 16:40:08]	[Eval:test] Iter:117	accuracy=0.742548
[04-30-2018 16:40:17]	[Eval:valid] Iter:117	accuracy=0.745506
[04-30-2018 16:40:25]	[Train:train] Iter:118	loss=0.558482
[04-30-2018 16:40:34]	[Eval:test] Iter:118	accuracy=0.743919
[04-30-2018 16:40:43]	[Eval:valid] Iter:118	accuracy=0.746207
[04-30-2018 16:40:51]	[Train:train] Iter:119	loss=0.543997
[04-30-2018 16:41:00]	[Eval:test] Iter:119	accuracy=0.744163
[04-30-2018 16:41:09]	[Eval:valid] Iter:119	accuracy=0.746205
[04-30-2018 16:41:17]	[Train:train] Iter:120	loss=0.549917
[04-30-2018 16:41:26]	[Eval:test] Iter:120	accuracy=0.744409
[04-30-2018 16:41:35]	[Eval:valid] Iter:120	accuracy=0.746378
[04-30-2018 16:41:43]	[Train:train] Iter:121	loss=0.550478
[04-30-2018 16:41:52]	[Eval:test] Iter:121	accuracy=0.744873
[04-30-2018 16:42:01]	[Eval:valid] Iter:121	accuracy=0.746596
[04-30-2018 16:42:10]	[Train:train] Iter:122	loss=0.547879
[04-30-2018 16:42:19]	[Eval:test] Iter:122	accuracy=0.744018
[04-30-2018 16:42:27]	[Eval:valid] Iter:122	accuracy=0.746769
[04-30-2018 16:42:35]	[Train:train] Iter:123	loss=0.543939
[04-30-2018 16:42:44]	[Eval:test] Iter:123	accuracy=0.745658
[04-30-2018 16:42:52]	[Eval:valid] Iter:123	accuracy=0.747086
[04-30-2018 16:43:00]	[Train:train] Iter:124	loss=0.541039
[04-30-2018 16:43:09]	[Eval:test] Iter:124	accuracy=0.746416
[04-30-2018 16:43:18]	[Eval:valid] Iter:124	accuracy=0.746960
[04-30-2018 16:43:26]	[Train:train] Iter:125	loss=0.542391
[04-30-2018 16:43:34]	[Eval:test] Iter:125	accuracy=0.744681
[04-30-2018 16:43:43]	[Eval:valid] Iter:125	accuracy=0.747164
[04-30-2018 16:43:51]	[Train:train] Iter:126	loss=0.547211
[04-30-2018 16:44:00]	[Eval:test] Iter:126	accuracy=0.746514
[04-30-2018 16:44:08]	[Eval:valid] Iter:126	accuracy=0.747452
[04-30-2018 16:44:16]	[Train:train] Iter:127	loss=0.543507
[04-30-2018 16:44:25]	[Eval:test] Iter:127	accuracy=0.746296
[04-30-2018 16:44:33]	[Eval:valid] Iter:127	accuracy=0.747579
[04-30-2018 16:44:41]	[Train:train] Iter:128	loss=0.545757
[04-30-2018 16:44:50]	[Eval:test] Iter:128	accuracy=0.746955
[04-30-2018 16:44:58]	[Eval:valid] Iter:128	accuracy=0.747652
[04-30-2018 16:45:06]	[Train:train] Iter:129	loss=0.542921
[04-30-2018 16:45:15]	[Eval:test] Iter:129	accuracy=0.747295
[04-30-2018 16:45:24]	[Eval:valid] Iter:129	accuracy=0.747971
[04-30-2018 16:45:32]	[Train:train] Iter:130	loss=0.549187
[04-30-2018 16:45:42]	[Eval:test] Iter:130	accuracy=0.747147
[04-30-2018 16:45:50]	[Eval:valid] Iter:130	accuracy=0.747967
[04-30-2018 16:45:59]	[Train:train] Iter:131	loss=0.544744
[04-30-2018 16:46:08]	[Eval:test] Iter:131	accuracy=0.746707
[04-30-2018 16:46:16]	[Eval:valid] Iter:131	accuracy=0.748873
[04-30-2018 16:46:25]	[Train:train] Iter:132	loss=0.547524
[04-30-2018 16:46:34]	[Eval:test] Iter:132	accuracy=0.747539
[04-30-2018 16:46:44]	[Eval:valid] Iter:132	accuracy=0.748755
[04-30-2018 16:46:52]	[Train:train] Iter:133	loss=0.547073
[04-30-2018 16:47:02]	[Eval:test] Iter:133	accuracy=0.748775
[04-30-2018 16:47:10]	[Eval:valid] Iter:133	accuracy=0.749800
[04-30-2018 16:47:20]	[Train:train] Iter:134	loss=0.546917
[04-30-2018 16:47:29]	[Eval:test] Iter:134	accuracy=0.748585
[04-30-2018 16:47:37]	[Eval:valid] Iter:134	accuracy=0.750069
[04-30-2018 16:47:46]	[Train:train] Iter:135	loss=0.538579
[04-30-2018 16:47:54]	[Eval:test] Iter:135	accuracy=0.747397
[04-30-2018 16:48:03]	[Eval:valid] Iter:135	accuracy=0.749076
[04-30-2018 16:48:11]	[Train:train] Iter:136	loss=0.542360
[04-30-2018 16:48:20]	[Eval:test] Iter:136	accuracy=0.748907
[04-30-2018 16:48:28]	[Eval:valid] Iter:136	accuracy=0.750206
[04-30-2018 16:48:36]	[Train:train] Iter:137	loss=0.538398
[04-30-2018 16:48:45]	[Eval:test] Iter:137	accuracy=0.749369
[04-30-2018 16:48:53]	[Eval:valid] Iter:137	accuracy=0.750364
[04-30-2018 16:49:01]	[Train:train] Iter:138	loss=0.538392
[04-30-2018 16:49:10]	[Eval:test] Iter:138	accuracy=0.749175
[04-30-2018 16:49:19]	[Eval:valid] Iter:138	accuracy=0.749839
[04-30-2018 16:49:27]	[Train:train] Iter:139	loss=0.542094
[04-30-2018 16:49:36]	[Eval:test] Iter:139	accuracy=0.749124
[04-30-2018 16:49:45]	[Eval:valid] Iter:139	accuracy=0.750379
[04-30-2018 16:49:53]	[Train:train] Iter:140	loss=0.539466
[04-30-2018 16:50:02]	[Eval:test] Iter:140	accuracy=0.749560
[04-30-2018 16:50:10]	[Eval:valid] Iter:140	accuracy=0.750732
[04-30-2018 16:50:18]	[Train:train] Iter:141	loss=0.539278
[04-30-2018 16:50:27]	[Eval:test] Iter:141	accuracy=0.748223
[04-30-2018 16:50:35]	[Eval:valid] Iter:141	accuracy=0.750128
[04-30-2018 16:50:44]	[Train:train] Iter:142	loss=0.537464
[04-30-2018 16:50:53]	[Eval:test] Iter:142	accuracy=0.749318
[04-30-2018 16:51:01]	[Eval:valid] Iter:142	accuracy=0.751089
[04-30-2018 16:51:10]	[Train:train] Iter:143	loss=0.531681
[04-30-2018 16:51:18]	[Eval:test] Iter:143	accuracy=0.750687
[04-30-2018 16:51:26]	[Eval:valid] Iter:143	accuracy=0.752136
[04-30-2018 16:51:34]	[Train:train] Iter:144	loss=0.537145
[04-30-2018 16:51:43]	[Eval:test] Iter:144	accuracy=0.750685
[04-30-2018 16:51:52]	[Eval:valid] Iter:144	accuracy=0.751799
[04-30-2018 16:52:00]	[Train:train] Iter:145	loss=0.537169
[04-30-2018 16:52:09]	[Eval:test] Iter:145	accuracy=0.750758
[04-30-2018 16:52:18]	[Eval:valid] Iter:145	accuracy=0.751404
[04-30-2018 16:52:26]	[Train:train] Iter:146	loss=0.537544
[04-30-2018 16:52:35]	[Eval:test] Iter:146	accuracy=0.751444
[04-30-2018 16:52:45]	[Eval:valid] Iter:146	accuracy=0.752478
[04-30-2018 16:52:54]	[Train:train] Iter:147	loss=0.528340
[04-30-2018 16:53:02]	[Eval:test] Iter:147	accuracy=0.750512
[04-30-2018 16:53:11]	[Eval:valid] Iter:147	accuracy=0.752307
[04-30-2018 16:53:19]	[Train:train] Iter:148	loss=0.540464
[04-30-2018 16:53:28]	[Eval:test] Iter:148	accuracy=0.751493
[04-30-2018 16:53:37]	[Eval:valid] Iter:148	accuracy=0.752578
[04-30-2018 16:53:45]	[Train:train] Iter:149	loss=0.541118
[04-30-2018 16:53:54]	[Eval:test] Iter:149	accuracy=0.751663
[04-30-2018 16:54:03]	[Eval:valid] Iter:149	accuracy=0.752969
[04-30-2018 16:54:11]	[Train:train] Iter:150	loss=0.542368
[04-30-2018 16:54:20]	[Eval:test] Iter:150	accuracy=0.751879
[04-30-2018 16:54:29]	[Eval:valid] Iter:150	accuracy=0.753823
[04-30-2018 16:54:37]	[Train:train] Iter:151	loss=0.540473
[04-30-2018 16:54:45]	[Eval:test] Iter:151	accuracy=0.752443
[04-30-2018 16:54:54]	[Eval:valid] Iter:151	accuracy=0.753701
[04-30-2018 16:55:02]	[Train:train] Iter:152	loss=0.538909
[04-30-2018 16:55:11]	[Eval:test] Iter:152	accuracy=0.752542
[04-30-2018 16:55:20]	[Eval:valid] Iter:152	accuracy=0.754260
[04-30-2018 16:55:29]	[Train:train] Iter:153	loss=0.540536
[04-30-2018 16:55:38]	[Eval:test] Iter:153	accuracy=0.753248
[04-30-2018 16:55:46]	[Eval:valid] Iter:153	accuracy=0.754873
[04-30-2018 16:55:55]	[Train:train] Iter:154	loss=0.533915
[04-30-2018 16:56:04]	[Eval:test] Iter:154	accuracy=0.752422
[04-30-2018 16:56:12]	[Eval:valid] Iter:154	accuracy=0.754629
[04-30-2018 16:56:21]	[Train:train] Iter:155	loss=0.535628
[04-30-2018 16:56:29]	[Eval:test] Iter:155	accuracy=0.752617
[04-30-2018 16:56:38]	[Eval:valid] Iter:155	accuracy=0.754995
[04-30-2018 16:56:46]	[Train:train] Iter:156	loss=0.531188
[04-30-2018 16:56:54]	[Eval:test] Iter:156	accuracy=0.753885
[04-30-2018 16:57:03]	[Eval:valid] Iter:156	accuracy=0.756509
[04-30-2018 16:57:12]	[Train:train] Iter:157	loss=0.528001
[04-30-2018 16:57:20]	[Eval:test] Iter:157	accuracy=0.753329
[04-30-2018 16:57:28]	[Eval:valid] Iter:157	accuracy=0.755845
[04-30-2018 16:57:36]	[Train:train] Iter:158	loss=0.538787
[04-30-2018 16:57:45]	[Eval:test] Iter:158	accuracy=0.754009
[04-30-2018 16:57:53]	[Eval:valid] Iter:158	accuracy=0.756165
[04-30-2018 16:58:04]	[Train:train] Iter:159	loss=0.532945
[04-30-2018 16:58:13]	[Eval:test] Iter:159	accuracy=0.754009
[04-30-2018 16:58:21]	[Eval:valid] Iter:159	accuracy=0.756968
[04-30-2018 16:58:30]	[Train:train] Iter:160	loss=0.525478
[04-30-2018 16:58:39]	[Eval:test] Iter:160	accuracy=0.752766
[04-30-2018 16:58:47]	[Eval:valid] Iter:160	accuracy=0.755648
[04-30-2018 16:58:56]	[Train:train] Iter:161	loss=0.528128
[04-30-2018 16:59:05]	[Eval:test] Iter:161	accuracy=0.753863
[04-30-2018 16:59:14]	[Eval:valid] Iter:161	accuracy=0.756553
[04-30-2018 16:59:22]	[Train:train] Iter:162	loss=0.518996
[04-30-2018 16:59:31]	[Eval:test] Iter:162	accuracy=0.754180
[04-30-2018 16:59:40]	[Eval:valid] Iter:162	accuracy=0.757678
[04-30-2018 16:59:48]	[Train:train] Iter:163	loss=0.526505
[04-30-2018 16:59:57]	[Eval:test] Iter:163	accuracy=0.753130
[04-30-2018 17:00:06]	[Eval:valid] Iter:163	accuracy=0.755284
[04-30-2018 17:00:14]	[Train:train] Iter:164	loss=0.533770
[04-30-2018 17:00:22]	[Eval:test] Iter:164	accuracy=0.754691
[04-30-2018 17:00:31]	[Eval:valid] Iter:164	accuracy=0.758342
[04-30-2018 17:00:39]	[Train:train] Iter:165	loss=0.526106
[04-30-2018 17:00:48]	[Eval:test] Iter:165	accuracy=0.754839
[04-30-2018 17:00:56]	[Eval:valid] Iter:165	accuracy=0.758830
[04-30-2018 17:01:04]	[Train:train] Iter:166	loss=0.526695
[04-30-2018 17:01:13]	[Eval:test] Iter:166	accuracy=0.754276
[04-30-2018 17:01:22]	[Eval:valid] Iter:166	accuracy=0.756893
[04-30-2018 17:01:30]	[Train:train] Iter:167	loss=0.521444
[04-30-2018 17:01:39]	[Eval:test] Iter:167	accuracy=0.754009
[04-30-2018 17:01:47]	[Eval:valid] Iter:167	accuracy=0.755845
[04-30-2018 17:01:56]	[Train:train] Iter:168	loss=0.524657
[04-30-2018 17:02:05]	[Eval:test] Iter:168	accuracy=0.754204
[04-30-2018 17:02:13]	[Eval:valid] Iter:168	accuracy=0.756256
[04-30-2018 17:02:21]	[Train:train] Iter:169	loss=0.527902
[04-30-2018 17:02:29]	[Eval:test] Iter:169	accuracy=0.754107
[04-30-2018 17:02:37]	[Eval:valid] Iter:169	accuracy=0.757233
[04-30-2018 17:02:45]	[Train:train] Iter:170	loss=0.534417
[04-30-2018 17:02:53]	[Eval:test] Iter:170	accuracy=0.755526
[04-30-2018 17:03:02]	[Eval:valid] Iter:170	accuracy=0.758779
[04-30-2018 17:03:11]	[Train:train] Iter:171	loss=0.524685
[04-30-2018 17:03:19]	[Eval:test] Iter:171	accuracy=0.754554
[04-30-2018 17:03:29]	[Eval:valid] Iter:171	accuracy=0.756502
[04-30-2018 17:03:37]	[Train:train] Iter:172	loss=0.528568
[04-30-2018 17:03:46]	[Eval:test] Iter:172	accuracy=0.755696
[04-30-2018 17:03:54]	[Eval:valid] Iter:172	accuracy=0.758016
[04-30-2018 17:04:03]	[Train:train] Iter:173	loss=0.521855
[04-30-2018 17:04:12]	[Eval:test] Iter:173	accuracy=0.755891
[04-30-2018 17:04:20]	[Eval:valid] Iter:173	accuracy=0.758480
[04-30-2018 17:04:29]	[Train:train] Iter:174	loss=0.524363
[04-30-2018 17:04:38]	[Eval:test] Iter:174	accuracy=0.755598
[04-30-2018 17:04:46]	[Eval:valid] Iter:174	accuracy=0.758136
[04-30-2018 17:04:55]	[Train:train] Iter:175	loss=0.526093
[04-30-2018 17:05:03]	[Eval:test] Iter:175	accuracy=0.756918
[04-30-2018 17:05:12]	[Eval:valid] Iter:175	accuracy=0.759021
[04-30-2018 17:05:20]	[Train:train] Iter:176	loss=0.524127
[04-30-2018 17:05:29]	[Eval:test] Iter:176	accuracy=0.756773
[04-30-2018 17:05:38]	[Eval:valid] Iter:176	accuracy=0.759088
[04-30-2018 17:05:46]	[Train:train] Iter:177	loss=0.517736
[04-30-2018 17:05:55]	[Eval:test] Iter:177	accuracy=0.756773
[04-30-2018 17:06:03]	[Eval:valid] Iter:177	accuracy=0.759115
[04-30-2018 17:06:11]	[Train:train] Iter:178	loss=0.519178
[04-30-2018 17:06:20]	[Eval:test] Iter:178	accuracy=0.756552
[04-30-2018 17:06:28]	[Eval:valid] Iter:178	accuracy=0.759019
[04-30-2018 17:06:37]	[Train:train] Iter:179	loss=0.520467
[04-30-2018 17:06:46]	[Eval:test] Iter:179	accuracy=0.756867
[04-30-2018 17:06:55]	[Eval:valid] Iter:179	accuracy=0.758970
[04-30-2018 17:07:03]	[Train:train] Iter:180	loss=0.523854
[04-30-2018 17:07:12]	[Eval:test] Iter:180	accuracy=0.756916
[04-30-2018 17:07:21]	[Eval:valid] Iter:180	accuracy=0.759239
[04-30-2018 17:07:29]	[Train:train] Iter:181	loss=0.522353
[04-30-2018 17:07:38]	[Eval:test] Iter:181	accuracy=0.758434
[04-30-2018 17:07:47]	[Eval:valid] Iter:181	accuracy=0.760313
[04-30-2018 17:07:55]	[Train:train] Iter:182	loss=0.524636
[04-30-2018 17:08:04]	[Eval:test] Iter:182	accuracy=0.757600
[04-30-2018 17:08:13]	[Eval:valid] Iter:182	accuracy=0.759509
[04-30-2018 17:08:21]	[Train:train] Iter:183	loss=0.520142
[04-30-2018 17:08:30]	[Eval:test] Iter:183	accuracy=0.758727
[04-30-2018 17:08:38]	[Eval:valid] Iter:183	accuracy=0.759751
[04-30-2018 17:08:48]	[Train:train] Iter:184	loss=0.523737
[04-30-2018 17:08:57]	[Eval:test] Iter:184	accuracy=0.758432
[04-30-2018 17:09:06]	[Eval:valid] Iter:184	accuracy=0.760146
[04-30-2018 17:09:14]	[Train:train] Iter:185	loss=0.524445
[04-30-2018 17:09:23]	[Eval:test] Iter:185	accuracy=0.759144
[04-30-2018 17:09:31]	[Eval:valid] Iter:185	accuracy=0.760488
[04-30-2018 17:09:39]	[Train:train] Iter:186	loss=0.528840
[04-30-2018 17:09:48]	[Eval:test] Iter:186	accuracy=0.759266
[04-30-2018 17:09:56]	[Eval:valid] Iter:186	accuracy=0.760213
[04-30-2018 17:10:04]	[Train:train] Iter:187	loss=0.514185
[04-30-2018 17:10:13]	[Eval:test] Iter:187	accuracy=0.758501
[04-30-2018 17:10:21]	[Eval:valid] Iter:187	accuracy=0.759530
[04-30-2018 17:10:30]	[Train:train] Iter:188	loss=0.527198
[04-30-2018 17:10:39]	[Eval:test] Iter:188	accuracy=0.759504
[04-30-2018 17:10:47]	[Eval:valid] Iter:188	accuracy=0.760657
[04-30-2018 17:10:55]	[Train:train] Iter:189	loss=0.521987
[04-30-2018 17:11:04]	[Eval:test] Iter:189	accuracy=0.757962
[04-30-2018 17:11:13]	[Eval:valid] Iter:189	accuracy=0.760018
[04-30-2018 17:11:21]	[Train:train] Iter:190	loss=0.518318
[04-30-2018 17:11:30]	[Eval:test] Iter:190	accuracy=0.759115
[04-30-2018 17:11:38]	[Eval:valid] Iter:190	accuracy=0.760675
[04-30-2018 17:11:47]	[Train:train] Iter:191	loss=0.514210
[04-30-2018 17:11:56]	[Eval:test] Iter:191	accuracy=0.759579
[04-30-2018 17:12:04]	[Eval:valid] Iter:191	accuracy=0.760673
[04-30-2018 17:12:13]	[Train:train] Iter:192	loss=0.519011
[04-30-2018 17:12:21]	[Eval:test] Iter:192	accuracy=0.759626
[04-30-2018 17:12:30]	[Eval:valid] Iter:192	accuracy=0.760899
[04-30-2018 17:12:39]	[Train:train] Iter:193	loss=0.517819
[04-30-2018 17:12:48]	[Eval:test] Iter:193	accuracy=0.758871
[04-30-2018 17:12:56]	[Eval:valid] Iter:193	accuracy=0.760307
[04-30-2018 17:13:04]	[Train:train] Iter:194	loss=0.518395
[04-30-2018 17:13:13]	[Eval:test] Iter:194	accuracy=0.757620
[04-30-2018 17:13:21]	[Eval:valid] Iter:194	accuracy=0.760353
[04-30-2018 17:13:30]	[Train:train] Iter:195	loss=0.521315
[04-30-2018 17:13:38]	[Eval:test] Iter:195	accuracy=0.759386
[04-30-2018 17:13:47]	[Eval:valid] Iter:195	accuracy=0.760655
[04-30-2018 17:13:56]	[Train:train] Iter:196	loss=0.517682
[04-30-2018 17:14:04]	[Eval:test] Iter:196	accuracy=0.759705
[04-30-2018 17:14:15]	[Eval:valid] Iter:196	accuracy=0.761410
[04-30-2018 17:14:23]	[Train:train] Iter:197	loss=0.519422
[04-30-2018 17:14:32]	[Eval:test] Iter:197	accuracy=0.759778
[04-30-2018 17:14:40]	[Eval:valid] Iter:197	accuracy=0.761971
[04-30-2018 17:14:48]	[Train:train] Iter:198	loss=0.508487
[04-30-2018 17:14:57]	[Eval:test] Iter:198	accuracy=0.758774
[04-30-2018 17:15:05]	[Eval:valid] Iter:198	accuracy=0.762012
[04-30-2018 17:15:13]	[Train:train] Iter:199	loss=0.511720
[04-30-2018 17:15:22]	[Eval:test] Iter:199	accuracy=0.760633
[04-30-2018 17:15:31]	[Eval:valid] Iter:199	accuracy=0.761631
[04-30-2018 17:15:39]	[Train:train] Iter:200	loss=0.505560
[04-30-2018 17:15:47]	[Eval:test] Iter:200	accuracy=0.758601
[04-30-2018 17:15:56]	[Eval:valid] Iter:200	accuracy=0.761719
[04-30-2018 17:16:04]	[Train:train] Iter:201	loss=0.516608
[04-30-2018 17:16:12]	[Eval:test] Iter:201	accuracy=0.760068
[04-30-2018 17:16:20]	[Eval:valid] Iter:201	accuracy=0.762258
[04-30-2018 17:16:28]	[Train:train] Iter:202	loss=0.522287
[04-30-2018 17:16:37]	[Eval:test] Iter:202	accuracy=0.760289
[04-30-2018 17:16:45]	[Eval:valid] Iter:202	accuracy=0.762563
[04-30-2018 17:16:54]	[Train:train] Iter:203	loss=0.510508
[04-30-2018 17:17:03]	[Eval:test] Iter:203	accuracy=0.759874
[04-30-2018 17:17:11]	[Eval:valid] Iter:203	accuracy=0.762364
[04-30-2018 17:17:20]	[Train:train] Iter:204	loss=0.521344
[04-30-2018 17:17:29]	[Eval:test] Iter:204	accuracy=0.759726
[04-30-2018 17:17:37]	[Eval:valid] Iter:204	accuracy=0.761599
[04-30-2018 17:17:46]	[Train:train] Iter:205	loss=0.525494
[04-30-2018 17:17:54]	[Eval:test] Iter:205	accuracy=0.761027
[04-30-2018 17:18:03]	[Eval:valid] Iter:205	accuracy=0.762759
[04-30-2018 17:18:11]	[Train:train] Iter:206	loss=0.517464
[04-30-2018 17:18:20]	[Eval:test] Iter:206	accuracy=0.760441
[04-30-2018 17:18:28]	[Eval:valid] Iter:206	accuracy=0.762579
[04-30-2018 17:18:36]	[Train:train] Iter:207	loss=0.521784
[04-30-2018 17:18:45]	[Eval:test] Iter:207	accuracy=0.758672
[04-30-2018 17:18:53]	[Eval:valid] Iter:207	accuracy=0.761452
[04-30-2018 17:19:01]	[Train:train] Iter:208	loss=0.512598
[04-30-2018 17:19:10]	[Eval:test] Iter:208	accuracy=0.761833
[04-30-2018 17:19:19]	[Eval:valid] Iter:208	accuracy=0.763296
[04-30-2018 17:19:27]	[Train:train] Iter:209	loss=0.511817
[04-30-2018 17:19:37]	[Eval:test] Iter:209	accuracy=0.760507
[04-30-2018 17:19:47]	[Eval:valid] Iter:209	accuracy=0.763214
[04-30-2018 17:19:55]	[Train:train] Iter:210	loss=0.506691
[04-30-2018 17:20:04]	[Eval:test] Iter:210	accuracy=0.760971
[04-30-2018 17:20:12]	[Eval:valid] Iter:210	accuracy=0.763190
[04-30-2018 17:20:21]	[Train:train] Iter:211	loss=0.511747
[04-30-2018 17:20:30]	[Eval:test] Iter:211	accuracy=0.760729
[04-30-2018 17:20:39]	[Eval:valid] Iter:211	accuracy=0.763238
[04-30-2018 17:20:47]	[Train:train] Iter:212	loss=0.515322
[04-30-2018 17:20:56]	[Eval:test] Iter:212	accuracy=0.760828
[04-30-2018 17:21:04]	[Eval:valid] Iter:212	accuracy=0.763432
[04-30-2018 17:21:12]	[Train:train] Iter:213	loss=0.510297
[04-30-2018 17:21:21]	[Eval:test] Iter:213	accuracy=0.762173
[04-30-2018 17:21:30]	[Eval:valid] Iter:213	accuracy=0.763582
[04-30-2018 17:21:38]	[Train:train] Iter:214	loss=0.518687
[04-30-2018 17:21:47]	[Eval:test] Iter:214	accuracy=0.761437
[04-30-2018 17:21:55]	[Eval:valid] Iter:214	accuracy=0.763729
[04-30-2018 17:22:03]	[Train:train] Iter:215	loss=0.502951
[04-30-2018 17:22:13]	[Eval:test] Iter:215	accuracy=0.760926
[04-30-2018 17:22:21]	[Eval:valid] Iter:215	accuracy=0.763558
[04-30-2018 17:22:29]	[Train:train] Iter:216	loss=0.504536
[04-30-2018 17:22:38]	[Eval:test] Iter:216	accuracy=0.762051
[04-30-2018 17:22:46]	[Eval:valid] Iter:216	accuracy=0.763707
[04-30-2018 17:22:54]	[Train:train] Iter:217	loss=0.510726
[04-30-2018 17:23:03]	[Eval:test] Iter:217	accuracy=0.761831
[04-30-2018 17:23:11]	[Eval:valid] Iter:217	accuracy=0.763615
[04-30-2018 17:23:20]	[Train:train] Iter:218	loss=0.508528
[04-30-2018 17:23:29]	[Eval:test] Iter:218	accuracy=0.760777
[04-30-2018 17:23:37]	[Eval:valid] Iter:218	accuracy=0.762921
[04-30-2018 17:23:45]	[Train:train] Iter:219	loss=0.512084
[04-30-2018 17:23:54]	[Eval:test] Iter:219	accuracy=0.762396
[04-30-2018 17:24:02]	[Eval:valid] Iter:219	accuracy=0.764095
[04-30-2018 17:24:10]	[Train:train] Iter:220	loss=0.508326
[04-30-2018 17:24:19]	[Eval:test] Iter:220	accuracy=0.762398
[04-30-2018 17:24:28]	[Eval:valid] Iter:220	accuracy=0.764195
[04-30-2018 17:24:36]	[Train:train] Iter:221	loss=0.502716
[04-30-2018 17:24:46]	[Eval:test] Iter:221	accuracy=0.762075
[04-30-2018 17:24:54]	[Eval:valid] Iter:221	accuracy=0.763436
[04-30-2018 17:25:04]	[Train:train] Iter:222	loss=0.510586
[04-30-2018 17:25:13]	[Eval:test] Iter:222	accuracy=0.762445
[04-30-2018 17:25:21]	[Eval:valid] Iter:222	accuracy=0.764521
[04-30-2018 17:25:30]	[Train:train] Iter:223	loss=0.513483
[04-30-2018 17:25:38]	[Eval:test] Iter:223	accuracy=0.762563
[04-30-2018 17:25:47]	[Eval:valid] Iter:223	accuracy=0.764390
[04-30-2018 17:25:55]	[Train:train] Iter:224	loss=0.502829
[04-30-2018 17:26:04]	[Eval:test] Iter:224	accuracy=0.762734
[04-30-2018 17:26:12]	[Eval:valid] Iter:224	accuracy=0.764295
[04-30-2018 17:26:20]	[Train:train] Iter:225	loss=0.502568
[04-30-2018 17:26:29]	[Eval:test] Iter:225	accuracy=0.762607
[04-30-2018 17:26:38]	[Eval:valid] Iter:225	accuracy=0.764388
[04-30-2018 17:26:46]	[Train:train] Iter:226	loss=0.501581
[04-30-2018 17:26:54]	[Eval:test] Iter:226	accuracy=0.762608
[04-30-2018 17:27:03]	[Eval:valid] Iter:226	accuracy=0.764415
[04-30-2018 17:27:11]	[Train:train] Iter:227	loss=0.512643
[04-30-2018 17:27:20]	[Eval:test] Iter:227	accuracy=0.763788
[04-30-2018 17:27:28]	[Eval:valid] Iter:227	accuracy=0.764244
[04-30-2018 17:27:37]	[Train:train] Iter:228	loss=0.503190
[04-30-2018 17:27:46]	[Eval:test] Iter:228	accuracy=0.763472
[04-30-2018 17:27:54]	[Eval:valid] Iter:228	accuracy=0.764978
[04-30-2018 17:28:02]	[Train:train] Iter:229	loss=0.502417
[04-30-2018 17:28:10]	[Eval:test] Iter:229	accuracy=0.763493
[04-30-2018 17:28:18]	[Eval:valid] Iter:229	accuracy=0.764710
[04-30-2018 17:28:27]	[Train:train] Iter:230	loss=0.503337
[04-30-2018 17:28:36]	[Eval:test] Iter:230	accuracy=0.763223
[04-30-2018 17:28:44]	[Eval:valid] Iter:230	accuracy=0.764459
[04-30-2018 17:28:53]	[Train:train] Iter:231	loss=0.507692
[04-30-2018 17:29:02]	[Eval:test] Iter:231	accuracy=0.763147
[04-30-2018 17:29:09]	[Eval:valid] Iter:231	accuracy=0.764606
[04-30-2018 17:29:18]	[Train:train] Iter:232	loss=0.505413
[04-30-2018 17:29:26]	[Eval:test] Iter:232	accuracy=0.763886
[04-30-2018 17:29:35]	[Eval:valid] Iter:232	accuracy=0.765082
[04-30-2018 17:29:43]	[Train:train] Iter:233	loss=0.505516
[04-30-2018 17:29:51]	[Eval:test] Iter:233	accuracy=0.763516
[04-30-2018 17:29:59]	[Eval:valid] Iter:233	accuracy=0.764559
[04-30-2018 17:30:08]	[Train:train] Iter:234	loss=0.508558
[04-30-2018 17:30:17]	[Eval:test] Iter:234	accuracy=0.763638
[04-30-2018 17:30:26]	[Eval:valid] Iter:234	accuracy=0.764919
[04-30-2018 17:30:34]	[Train:train] Iter:235	loss=0.501480
[04-30-2018 17:30:43]	[Eval:test] Iter:235	accuracy=0.763953
[04-30-2018 17:30:52]	[Eval:valid] Iter:235	accuracy=0.764832
[04-30-2018 17:31:01]	[Train:train] Iter:236	loss=0.501742
[04-30-2018 17:31:09]	[Eval:test] Iter:236	accuracy=0.763230
[04-30-2018 17:31:18]	[Eval:valid] Iter:236	accuracy=0.764825
[04-30-2018 17:31:26]	[Train:train] Iter:237	loss=0.502181
[04-30-2018 17:31:35]	[Eval:test] Iter:237	accuracy=0.764126
[04-30-2018 17:31:43]	[Eval:valid] Iter:237	accuracy=0.765176
[04-30-2018 17:31:51]	[Train:train] Iter:238	loss=0.503609
[04-30-2018 17:32:00]	[Eval:test] Iter:238	accuracy=0.764400
[04-30-2018 17:32:08]	[Eval:valid] Iter:238	accuracy=0.765338
[04-30-2018 17:32:16]	[Train:train] Iter:239	loss=0.500470
[04-30-2018 17:32:25]	[Eval:test] Iter:239	accuracy=0.764864
[04-30-2018 17:32:33]	[Eval:valid] Iter:239	accuracy=0.765216
[04-30-2018 17:32:41]	[Train:train] Iter:240	loss=0.503100
[04-30-2018 17:32:50]	[Eval:test] Iter:240	accuracy=0.764838
[04-30-2018 17:32:59]	[Eval:valid] Iter:240	accuracy=0.765074
[04-30-2018 17:33:07]	[Train:train] Iter:241	loss=0.503747
[04-30-2018 17:33:17]	[Eval:test] Iter:241	accuracy=0.765307
[04-30-2018 17:33:25]	[Eval:valid] Iter:241	accuracy=0.765489
[04-30-2018 17:33:34]	[Train:train] Iter:242	loss=0.504734
[04-30-2018 17:33:43]	[Eval:test] Iter:242	accuracy=0.765307
[04-30-2018 17:33:52]	[Eval:valid] Iter:242	accuracy=0.765243
[04-30-2018 17:34:01]	[Train:train] Iter:243	loss=0.500913
[04-30-2018 17:34:10]	[Eval:test] Iter:243	accuracy=0.763393
[04-30-2018 17:34:18]	[Eval:valid] Iter:243	accuracy=0.764994
[04-30-2018 17:34:27]	[Train:train] Iter:244	loss=0.509442
[04-30-2018 17:34:37]	[Eval:test] Iter:244	accuracy=0.765446
[04-30-2018 17:34:45]	[Eval:valid] Iter:244	accuracy=0.765711
[04-30-2018 17:34:53]	[Train:train] Iter:245	loss=0.502879
[04-30-2018 17:35:03]	[Eval:test] Iter:245	accuracy=0.765080
[04-30-2018 17:35:11]	[Eval:valid] Iter:245	accuracy=0.765322
[04-30-2018 17:35:19]	[Train:train] Iter:246	loss=0.501831
[04-30-2018 17:35:28]	[Eval:test] Iter:246	accuracy=0.765303
[04-30-2018 17:35:38]	[Eval:valid] Iter:246	accuracy=0.765562
[04-30-2018 17:35:47]	[Train:train] Iter:247	loss=0.489520
[04-30-2018 17:35:55]	[Eval:test] Iter:247	accuracy=0.764960
[04-30-2018 17:36:04]	[Eval:valid] Iter:247	accuracy=0.766299
[04-30-2018 17:36:12]	[Train:train] Iter:248	loss=0.502287
[04-30-2018 17:36:20]	[Eval:test] Iter:248	accuracy=0.765769
[04-30-2018 17:36:29]	[Eval:valid] Iter:248	accuracy=0.765535
[04-30-2018 17:36:37]	[Train:train] Iter:249	loss=0.500119
[04-30-2018 17:36:46]	[Eval:test] Iter:249	accuracy=0.766008
[04-30-2018 17:36:54]	[Eval:valid] Iter:249	accuracy=0.766050
[04-30-2018 17:37:02]	[Train:train] Iter:250	loss=0.502927
[04-30-2018 17:37:11]	[Eval:test] Iter:250	accuracy=0.766058
[04-30-2018 17:37:19]	[Eval:valid] Iter:250	accuracy=0.766832
[04-30-2018 17:37:28]	[Train:train] Iter:251	loss=0.493577
[04-30-2018 17:37:37]	[Eval:test] Iter:251	accuracy=0.766496
[04-30-2018 17:37:45]	[Eval:valid] Iter:251	accuracy=0.766585
[04-30-2018 17:37:54]	[Train:train] Iter:252	loss=0.503379
[04-30-2018 17:38:03]	[Eval:test] Iter:252	accuracy=0.766937
[04-30-2018 17:38:11]	[Eval:valid] Iter:252	accuracy=0.767025
[04-30-2018 17:38:19]	[Train:train] Iter:253	loss=0.490991
[04-30-2018 17:38:28]	[Eval:test] Iter:253	accuracy=0.766693
[04-30-2018 17:38:36]	[Eval:valid] Iter:253	accuracy=0.767027
[04-30-2018 17:38:45]	[Train:train] Iter:254	loss=0.496809
[04-30-2018 17:38:54]	[Eval:test] Iter:254	accuracy=0.765273
[04-30-2018 17:39:02]	[Eval:valid] Iter:254	accuracy=0.767228
[04-30-2018 17:39:11]	[Train:train] Iter:255	loss=0.492975
[04-30-2018 17:39:19]	[Eval:test] Iter:255	accuracy=0.766299
[04-30-2018 17:39:28]	[Eval:valid] Iter:255	accuracy=0.767171
[04-30-2018 17:39:36]	[Train:train] Iter:256	loss=0.491322
[04-30-2018 17:39:45]	[Eval:test] Iter:256	accuracy=0.766177
[04-30-2018 17:39:53]	[Eval:valid] Iter:256	accuracy=0.766557
[04-30-2018 17:40:02]	[Train:train] Iter:257	loss=0.491469
[04-30-2018 17:40:11]	[Eval:test] Iter:257	accuracy=0.766637
[04-30-2018 17:40:19]	[Eval:valid] Iter:257	accuracy=0.767025
[04-30-2018 17:40:27]	[Train:train] Iter:258	loss=0.498413
[04-30-2018 17:40:35]	[Eval:test] Iter:258	accuracy=0.765765
[04-30-2018 17:40:44]	[Eval:valid] Iter:258	accuracy=0.767076
[04-30-2018 17:40:54]	[Train:train] Iter:259	loss=0.499944
[04-30-2018 17:41:03]	[Eval:test] Iter:259	accuracy=0.766982
[04-30-2018 17:41:12]	[Eval:valid] Iter:259	accuracy=0.767710
[04-30-2018 17:41:21]	[Train:train] Iter:260	loss=0.493487
[04-30-2018 17:41:30]	[Eval:test] Iter:260	accuracy=0.767499
[04-30-2018 17:41:38]	[Eval:valid] Iter:260	accuracy=0.767537
[04-30-2018 17:41:47]	[Train:train] Iter:261	loss=0.505460
[04-30-2018 17:41:55]	[Eval:test] Iter:261	accuracy=0.766911
[04-30-2018 17:42:04]	[Eval:valid] Iter:261	accuracy=0.767761
[04-30-2018 17:42:12]	[Train:train] Iter:262	loss=0.502840
[04-30-2018 17:42:21]	[Eval:test] Iter:262	accuracy=0.767082
[04-30-2018 17:42:29]	[Eval:valid] Iter:262	accuracy=0.767735
[04-30-2018 17:42:37]	[Train:train] Iter:263	loss=0.495154
[04-30-2018 17:42:46]	[Eval:test] Iter:263	accuracy=0.767450
[04-30-2018 17:42:54]	[Eval:valid] Iter:263	accuracy=0.767684
[04-30-2018 17:43:03]	[Train:train] Iter:264	loss=0.488464
[04-30-2018 17:43:12]	[Eval:test] Iter:264	accuracy=0.766252
[04-30-2018 17:43:20]	[Eval:valid] Iter:264	accuracy=0.766276
[04-30-2018 17:43:29]	[Train:train] Iter:265	loss=0.491140
[04-30-2018 17:43:38]	[Eval:test] Iter:265	accuracy=0.767178
[04-30-2018 17:43:46]	[Eval:valid] Iter:265	accuracy=0.768561
[04-30-2018 17:43:55]	[Train:train] Iter:266	loss=0.494897
[04-30-2018 17:44:04]	[Eval:test] Iter:266	accuracy=0.767619
[04-30-2018 17:44:12]	[Eval:valid] Iter:266	accuracy=0.767053
[04-30-2018 17:44:20]	[Train:train] Iter:267	loss=0.497039
[04-30-2018 17:44:30]	[Eval:test] Iter:267	accuracy=0.766323
[04-30-2018 17:44:38]	[Eval:valid] Iter:267	accuracy=0.767808
[04-30-2018 17:44:47]	[Train:train] Iter:268	loss=0.493118
[04-30-2018 17:44:55]	[Eval:test] Iter:268	accuracy=0.768477
[04-30-2018 17:45:04]	[Eval:valid] Iter:268	accuracy=0.768032
[04-30-2018 17:45:12]	[Train:train] Iter:269	loss=0.483987
[04-30-2018 17:45:22]	[Eval:test] Iter:269	accuracy=0.768258
[04-30-2018 17:45:30]	[Eval:valid] Iter:269	accuracy=0.767985
[04-30-2018 17:45:38]	[Train:train] Iter:270	loss=0.483919
[04-30-2018 17:45:47]	[Eval:test] Iter:270	accuracy=0.767837
[04-30-2018 17:45:55]	[Eval:valid] Iter:270	accuracy=0.767515
[04-30-2018 17:46:04]	[Train:train] Iter:271	loss=0.497709
[04-30-2018 17:46:13]	[Eval:test] Iter:271	accuracy=0.768648
[04-30-2018 17:46:22]	[Eval:valid] Iter:271	accuracy=0.767617
[04-30-2018 17:46:31]	[Train:train] Iter:272	loss=0.491802
[04-30-2018 17:46:40]	[Eval:test] Iter:272	accuracy=0.767078
[04-30-2018 17:46:48]	[Eval:valid] Iter:272	accuracy=0.768134
[04-30-2018 17:46:57]	[Train:train] Iter:273	loss=0.496182
[04-30-2018 17:47:06]	[Eval:test] Iter:273	accuracy=0.767542
[04-30-2018 17:47:14]	[Eval:valid] Iter:273	accuracy=0.768185
[04-30-2018 17:47:22]	[Train:train] Iter:274	loss=0.498129
[04-30-2018 17:47:31]	[Eval:test] Iter:274	accuracy=0.768571
[04-30-2018 17:47:39]	[Eval:valid] Iter:274	accuracy=0.768520
[04-30-2018 17:47:48]	[Train:train] Iter:275	loss=0.491421
[04-30-2018 17:47:56]	[Eval:test] Iter:275	accuracy=0.767811
[04-30-2018 17:48:05]	[Eval:valid] Iter:275	accuracy=0.769086
[04-30-2018 17:48:13]	[Train:train] Iter:276	loss=0.495754
[04-30-2018 17:48:22]	[Eval:test] Iter:276	accuracy=0.767859
[04-30-2018 17:48:30]	[Eval:valid] Iter:276	accuracy=0.769184
[04-30-2018 17:48:39]	[Train:train] Iter:277	loss=0.486500
[04-30-2018 17:48:48]	[Eval:test] Iter:277	accuracy=0.769227
[04-30-2018 17:48:57]	[Eval:valid] Iter:277	accuracy=0.769228
[04-30-2018 17:49:06]	[Train:train] Iter:278	loss=0.492906
[04-30-2018 17:49:15]	[Eval:test] Iter:278	accuracy=0.768224
[04-30-2018 17:49:23]	[Eval:valid] Iter:278	accuracy=0.769084
[04-30-2018 17:49:32]	[Train:train] Iter:279	loss=0.490615
[04-30-2018 17:49:40]	[Eval:test] Iter:279	accuracy=0.769007
[04-30-2018 17:49:48]	[Eval:valid] Iter:279	accuracy=0.768471
[04-30-2018 17:49:57]	[Train:train] Iter:280	loss=0.499638
[04-30-2018 17:50:06]	[Eval:test] Iter:280	accuracy=0.768443
[04-30-2018 17:50:14]	[Eval:valid] Iter:280	accuracy=0.769255
[04-30-2018 17:50:23]	[Train:train] Iter:281	loss=0.492363
[04-30-2018 17:50:31]	[Eval:test] Iter:281	accuracy=0.768639
[04-30-2018 17:50:40]	[Eval:valid] Iter:281	accuracy=0.769645
[04-30-2018 17:50:48]	[Train:train] Iter:282	loss=0.486429
[04-30-2018 17:50:58]	[Eval:test] Iter:282	accuracy=0.769863
[04-30-2018 17:51:06]	[Eval:valid] Iter:282	accuracy=0.768884
[04-30-2018 17:51:15]	[Train:train] Iter:283	loss=0.490691
[04-30-2018 17:51:24]	[Eval:test] Iter:283	accuracy=0.768543
[04-30-2018 17:51:32]	[Eval:valid] Iter:283	accuracy=0.769763
[04-30-2018 17:51:43]	[Train:train] Iter:284	loss=0.487701
[04-30-2018 17:51:52]	[Eval:test] Iter:284	accuracy=0.768181
[04-30-2018 17:52:00]	[Eval:valid] Iter:284	accuracy=0.769692
[04-30-2018 17:52:08]	[Train:train] Iter:285	loss=0.494278
[04-30-2018 17:52:17]	[Eval:test] Iter:285	accuracy=0.769694
[04-30-2018 17:52:25]	[Eval:valid] Iter:285	accuracy=0.768791
[04-30-2018 17:52:34]	[Train:train] Iter:286	loss=0.489800
[04-30-2018 17:52:43]	[Eval:test] Iter:286	accuracy=0.768765
[04-30-2018 17:52:51]	[Eval:valid] Iter:286	accuracy=0.769224
[04-30-2018 17:52:59]	[Train:train] Iter:287	loss=0.478950
[04-30-2018 17:53:08]	[Eval:test] Iter:287	accuracy=0.766349
[04-30-2018 17:53:16]	[Eval:valid] Iter:287	accuracy=0.769175
[04-30-2018 17:53:25]	[Train:train] Iter:288	loss=0.485069
[04-30-2018 17:53:34]	[Eval:test] Iter:288	accuracy=0.768935
[04-30-2018 17:53:42]	[Eval:valid] Iter:288	accuracy=0.769279
[04-30-2018 17:53:50]	[Train:train] Iter:289	loss=0.484950
[04-30-2018 17:53:59]	[Eval:test] Iter:289	accuracy=0.768199
[04-30-2018 17:54:08]	[Eval:valid] Iter:289	accuracy=0.769499
[04-30-2018 17:54:17]	[Train:train] Iter:290	loss=0.483242
[04-30-2018 17:54:26]	[Eval:test] Iter:290	accuracy=0.768224
[04-30-2018 17:54:34]	[Eval:valid] Iter:290	accuracy=0.769393
[04-30-2018 17:54:43]	[Train:train] Iter:291	loss=0.485014
[04-30-2018 17:54:51]	[Eval:test] Iter:291	accuracy=0.769082
[04-30-2018 17:54:59]	[Eval:valid] Iter:291	accuracy=0.769597
[04-30-2018 17:55:08]	[Train:train] Iter:292	loss=0.491873
[04-30-2018 17:55:16]	[Eval:test] Iter:292	accuracy=0.769769
[04-30-2018 17:55:25]	[Eval:valid] Iter:292	accuracy=0.769306
[04-30-2018 17:55:33]	[Train:train] Iter:293	loss=0.494718
[04-30-2018 17:55:42]	[Eval:test] Iter:293	accuracy=0.768813
[04-30-2018 17:55:50]	[Eval:valid] Iter:293	accuracy=0.770038
[04-30-2018 17:55:59]	[Train:train] Iter:294	loss=0.479972
[04-30-2018 17:56:08]	[Eval:test] Iter:294	accuracy=0.768967
[04-30-2018 17:56:16]	[Eval:valid] Iter:294	accuracy=0.770406
[04-30-2018 17:56:25]	[Train:train] Iter:295	loss=0.488367
[04-30-2018 17:56:34]	[Eval:test] Iter:295	accuracy=0.768815
[04-30-2018 17:56:42]	[Eval:valid] Iter:295	accuracy=0.769914
[04-30-2018 17:56:51]	[Train:train] Iter:296	loss=0.480295
[04-30-2018 17:57:00]	[Eval:test] Iter:296	accuracy=0.768892
[04-30-2018 17:57:10]	[Eval:valid] Iter:296	accuracy=0.770496
[04-30-2018 17:57:18]	[Train:train] Iter:297	loss=0.488120
[04-30-2018 17:57:27]	[Eval:test] Iter:297	accuracy=0.769230
[04-30-2018 17:57:36]	[Eval:valid] Iter:297	accuracy=0.770130
[04-30-2018 17:57:44]	[Train:train] Iter:298	loss=0.494488
[04-30-2018 17:57:53]	[Eval:test] Iter:298	accuracy=0.770136
[04-30-2018 17:58:01]	[Eval:valid] Iter:298	accuracy=0.770132
[04-30-2018 17:58:10]	[Train:train] Iter:299	loss=0.490970
[04-30-2018 17:58:18]	[Eval:test] Iter:299	accuracy=0.769841
[04-30-2018 17:58:27]	[Eval:valid] Iter:299	accuracy=0.770404
[04-30-2018 17:58:35]	[Train:train] Iter:300	loss=0.481162
[04-30-2018 17:58:44]	[Eval:test] Iter:300	accuracy=0.768825
[04-30-2018 17:58:52]	[Eval:valid] Iter:300	accuracy=0.770671
[04-30-2018 17:59:00]	[Train:train] Iter:301	loss=0.484495
[04-30-2018 17:59:09]	[Eval:test] Iter:301	accuracy=0.769311
[04-30-2018 17:59:17]	[Eval:valid] Iter:301	accuracy=0.770331
[04-30-2018 17:59:26]	[Train:train] Iter:302	loss=0.489786
[04-30-2018 17:59:35]	[Eval:test] Iter:302	accuracy=0.769826
[04-30-2018 17:59:44]	[Eval:valid] Iter:302	accuracy=0.770091
[04-30-2018 17:59:52]	[Train:train] Iter:303	loss=0.488697
[04-30-2018 18:00:00]	[Eval:test] Iter:303	accuracy=0.769730
[04-30-2018 18:00:09]	[Eval:valid] Iter:303	accuracy=0.770457
[04-30-2018 18:00:18]	[Train:train] Iter:304	loss=0.482201
[04-30-2018 18:00:27]	[Eval:test] Iter:304	accuracy=0.769657
[04-30-2018 18:00:36]	[Eval:valid] Iter:304	accuracy=0.769481
[04-30-2018 18:00:44]	[Train:train] Iter:305	loss=0.497379
[04-30-2018 18:00:53]	[Eval:test] Iter:305	accuracy=0.769707
[04-30-2018 18:01:01]	[Eval:valid] Iter:305	accuracy=0.770191
[04-30-2018 18:01:10]	[Train:train] Iter:306	loss=0.480169
[04-30-2018 18:01:19]	[Eval:test] Iter:306	accuracy=0.768823
[04-30-2018 18:01:27]	[Eval:valid] Iter:306	accuracy=0.770624
[04-30-2018 18:01:35]	[Train:train] Iter:307	loss=0.490897
[04-30-2018 18:01:44]	[Eval:test] Iter:307	accuracy=0.769995
[04-30-2018 18:01:53]	[Eval:valid] Iter:307	accuracy=0.770433
[04-30-2018 18:02:01]	[Train:train] Iter:308	loss=0.480474
[04-30-2018 18:02:10]	[Eval:test] Iter:308	accuracy=0.768823
[04-30-2018 18:02:18]	[Eval:valid] Iter:308	accuracy=0.770720
[04-30-2018 18:02:28]	[Train:train] Iter:309	loss=0.490817
[04-30-2018 18:02:37]	[Eval:test] Iter:309	accuracy=0.768750
[04-30-2018 18:02:45]	[Eval:valid] Iter:309	accuracy=0.771218
[04-30-2018 18:02:54]	[Train:train] Iter:310	loss=0.479530
[04-30-2018 18:03:03]	[Eval:test] Iter:310	accuracy=0.769968
[04-30-2018 18:03:11]	[Eval:valid] Iter:310	accuracy=0.770828
[04-30-2018 18:03:19]	[Train:train] Iter:311	loss=0.482675
[04-30-2018 18:03:28]	[Eval:test] Iter:311	accuracy=0.770267
[04-30-2018 18:03:36]	[Eval:valid] Iter:311	accuracy=0.770683
[04-30-2018 18:03:44]	[Train:train] Iter:312	loss=0.479937
[04-30-2018 18:03:53]	[Eval:test] Iter:312	accuracy=0.769903
[04-30-2018 18:04:01]	[Eval:valid] Iter:312	accuracy=0.770586
[04-30-2018 18:04:09]	[Train:train] Iter:313	loss=0.472884
[04-30-2018 18:04:18]	[Eval:test] Iter:313	accuracy=0.769951
[04-30-2018 18:04:27]	[Eval:valid] Iter:313	accuracy=0.770171
[04-30-2018 18:04:37]	[Train:train] Iter:314	loss=0.484779
[04-30-2018 18:04:46]	[Eval:test] Iter:314	accuracy=0.770070
[04-30-2018 18:04:55]	[Eval:valid] Iter:314	accuracy=0.770701
[04-30-2018 18:05:04]	[Train:train] Iter:315	loss=0.484278
[04-30-2018 18:05:14]	[Eval:test] Iter:315	accuracy=0.769779
[04-30-2018 18:05:24]	[Eval:valid] Iter:315	accuracy=0.771548
[04-30-2018 18:05:33]	[Train:train] Iter:316	loss=0.483018
[04-30-2018 18:05:43]	[Eval:test] Iter:316	accuracy=0.770361
[04-30-2018 18:05:52]	[Eval:valid] Iter:316	accuracy=0.771601
[04-30-2018 18:06:01]	[Train:train] Iter:317	loss=0.479881
[04-30-2018 18:06:10]	[Eval:test] Iter:317	accuracy=0.769998
[04-30-2018 18:06:18]	[Eval:valid] Iter:317	accuracy=0.771308
[04-30-2018 18:06:26]	[Train:train] Iter:318	loss=0.477370
[04-30-2018 18:06:36]	[Eval:test] Iter:318	accuracy=0.770896
[04-30-2018 18:06:44]	[Eval:valid] Iter:318	accuracy=0.771507
[04-30-2018 18:06:53]	[Train:train] Iter:319	loss=0.473934
[04-30-2018 18:07:02]	[Eval:test] Iter:319	accuracy=0.771043
[04-30-2018 18:07:10]	[Eval:valid] Iter:319	accuracy=0.771432
[04-30-2018 18:07:19]	[Train:train] Iter:320	loss=0.471668
[04-30-2018 18:07:27]	[Eval:test] Iter:320	accuracy=0.770776
[04-30-2018 18:07:36]	[Eval:valid] Iter:320	accuracy=0.771090
[04-30-2018 18:07:44]	[Train:train] Iter:321	loss=0.480652
[04-30-2018 18:07:53]	[Eval:test] Iter:321	accuracy=0.770945
[04-30-2018 18:08:03]	[Eval:valid] Iter:321	accuracy=0.771137
[04-30-2018 18:08:11]	[Train:train] Iter:322	loss=0.490766
[04-30-2018 18:08:20]	[Eval:test] Iter:322	accuracy=0.771974
[04-30-2018 18:08:29]	[Eval:valid] Iter:322	accuracy=0.771381
[04-30-2018 18:08:37]	[Train:train] Iter:323	loss=0.481374
[04-30-2018 18:08:46]	[Eval:test] Iter:323	accuracy=0.771461
[04-30-2018 18:08:54]	[Eval:valid] Iter:323	accuracy=0.770624
[04-30-2018 18:09:02]	[Train:train] Iter:324	loss=0.492561
[04-30-2018 18:09:12]	[Eval:test] Iter:324	accuracy=0.771707
[04-30-2018 18:09:21]	[Eval:valid] Iter:324	accuracy=0.770815
[04-30-2018 18:09:30]	[Train:train] Iter:325	loss=0.476563
[04-30-2018 18:09:40]	[Eval:test] Iter:325	accuracy=0.770571
[04-30-2018 18:09:48]	[Eval:valid] Iter:325	accuracy=0.770551
[04-30-2018 18:09:56]	[Train:train] Iter:326	loss=0.477865
[04-30-2018 18:10:05]	[Eval:test] Iter:326	accuracy=0.770164
[04-30-2018 18:10:14]	[Eval:valid] Iter:326	accuracy=0.770620
[04-30-2018 18:10:23]	[Train:train] Iter:327	loss=0.483650
[04-30-2018 18:10:32]	[Eval:test] Iter:327	accuracy=0.770917
[04-30-2018 18:10:40]	[Eval:valid] Iter:327	accuracy=0.771523
[04-30-2018 18:10:48]	[Train:train] Iter:328	loss=0.479626
[04-30-2018 18:10:58]	[Eval:test] Iter:328	accuracy=0.770951
[04-30-2018 18:11:06]	[Eval:valid] Iter:328	accuracy=0.771503
[04-30-2018 18:11:15]	[Train:train] Iter:329	loss=0.480634
[04-30-2018 18:11:24]	[Eval:test] Iter:329	accuracy=0.771512
[04-30-2018 18:11:32]	[Eval:valid] Iter:329	accuracy=0.771519
[04-30-2018 18:11:40]	[Train:train] Iter:330	loss=0.483136
[04-30-2018 18:11:50]	[Eval:test] Iter:330	accuracy=0.771538
[04-30-2018 18:11:58]	[Eval:valid] Iter:330	accuracy=0.772229
[04-30-2018 18:12:06]	[Train:train] Iter:331	loss=0.478455
[04-30-2018 18:12:15]	[Eval:test] Iter:331	accuracy=0.771369
[04-30-2018 18:12:24]	[Eval:valid] Iter:331	accuracy=0.772003
[04-30-2018 18:12:32]	[Train:train] Iter:332	loss=0.481245
[04-30-2018 18:12:41]	[Eval:test] Iter:332	accuracy=0.771195
[04-30-2018 18:12:49]	[Eval:valid] Iter:332	accuracy=0.771688
[04-30-2018 18:12:58]	[Train:train] Iter:333	loss=0.480212
[04-30-2018 18:13:07]	[Eval:test] Iter:333	accuracy=0.771925
[04-30-2018 18:13:15]	[Eval:valid] Iter:333	accuracy=0.772060
[04-30-2018 18:13:25]	[Train:train] Iter:334	loss=0.477151
[04-30-2018 18:13:35]	[Eval:test] Iter:334	accuracy=0.772121
[04-30-2018 18:13:43]	[Eval:valid] Iter:334	accuracy=0.772256
[04-30-2018 18:13:52]	[Train:train] Iter:335	loss=0.475676
[04-30-2018 18:14:01]	[Eval:test] Iter:335	accuracy=0.772365
[04-30-2018 18:14:09]	[Eval:valid] Iter:335	accuracy=0.771719
[04-30-2018 18:14:18]	[Train:train] Iter:336	loss=0.476277
[04-30-2018 18:14:27]	[Eval:test] Iter:336	accuracy=0.771659
[04-30-2018 18:14:35]	[Eval:valid] Iter:336	accuracy=0.771910
[04-30-2018 18:14:43]	[Train:train] Iter:337	loss=0.481240
[04-30-2018 18:14:52]	[Eval:test] Iter:337	accuracy=0.771612
[04-30-2018 18:15:01]	[Eval:valid] Iter:337	accuracy=0.771739
[04-30-2018 18:15:09]	[Train:train] Iter:338	loss=0.478720
[04-30-2018 18:15:17]	[Eval:test] Iter:338	accuracy=0.772175
[04-30-2018 18:15:26]	[Eval:valid] Iter:338	accuracy=0.771905
[04-30-2018 18:15:34]	[Train:train] Iter:339	loss=0.473976
[04-30-2018 18:15:43]	[Eval:test] Iter:339	accuracy=0.771358
[04-30-2018 18:15:52]	[Eval:valid] Iter:339	accuracy=0.771995
[04-30-2018 18:16:00]	[Train:train] Iter:340	loss=0.482696
[04-30-2018 18:16:08]	[Eval:test] Iter:340	accuracy=0.771360
[04-30-2018 18:16:17]	[Eval:valid] Iter:340	accuracy=0.772062
[04-30-2018 18:16:26]	[Train:train] Iter:341	loss=0.478074
[04-30-2018 18:16:34]	[Eval:test] Iter:341	accuracy=0.771957
[04-30-2018 18:16:42]	[Eval:valid] Iter:341	accuracy=0.772148
[04-30-2018 18:16:51]	[Train:train] Iter:342	loss=0.472766
[04-30-2018 18:17:00]	[Eval:test] Iter:342	accuracy=0.772425
[04-30-2018 18:17:08]	[Eval:valid] Iter:342	accuracy=0.773405
[04-30-2018 18:17:16]	[Train:train] Iter:343	loss=0.477668
[04-30-2018 18:17:25]	[Eval:test] Iter:343	accuracy=0.772126
[04-30-2018 18:17:33]	[Eval:valid] Iter:343	accuracy=0.771863
[04-30-2018 18:17:41]	[Train:train] Iter:344	loss=0.470040
[04-30-2018 18:17:50]	[Eval:test] Iter:344	accuracy=0.772397
[04-30-2018 18:17:59]	[Eval:valid] Iter:344	accuracy=0.772498
[04-30-2018 18:18:07]	[Train:train] Iter:345	loss=0.479030
[04-30-2018 18:18:16]	[Eval:test] Iter:345	accuracy=0.772949
[04-30-2018 18:18:24]	[Eval:valid] Iter:345	accuracy=0.772839
[04-30-2018 18:18:32]	[Train:train] Iter:346	loss=0.474982
[04-30-2018 18:18:41]	[Eval:test] Iter:346	accuracy=0.772635
[04-30-2018 18:18:51]	[Eval:valid] Iter:346	accuracy=0.772134
[04-30-2018 18:18:59]	[Train:train] Iter:347	loss=0.469926
[04-30-2018 18:19:08]	[Eval:test] Iter:347	accuracy=0.773099
[04-30-2018 18:19:17]	[Eval:valid] Iter:347	accuracy=0.773210
[04-30-2018 18:19:25]	[Train:train] Iter:348	loss=0.476104
[04-30-2018 18:19:35]	[Eval:test] Iter:348	accuracy=0.772534
[04-30-2018 18:19:43]	[Eval:valid] Iter:348	accuracy=0.772429
[04-30-2018 18:19:52]	[Train:train] Iter:349	loss=0.485569
[04-30-2018 18:20:01]	[Eval:test] Iter:349	accuracy=0.773097
[04-30-2018 18:20:10]	[Eval:valid] Iter:349	accuracy=0.772453
[04-30-2018 18:20:18]	[Train:train] Iter:350	loss=0.471409
[04-30-2018 18:20:27]	[Eval:test] Iter:350	accuracy=0.772928
[04-30-2018 18:20:35]	[Eval:valid] Iter:350	accuracy=0.772384
[04-30-2018 18:20:44]	[Train:train] Iter:351	loss=0.469425
[04-30-2018 18:20:53]	[Eval:test] Iter:351	accuracy=0.773122
[04-30-2018 18:21:01]	[Eval:valid] Iter:351	accuracy=0.773483
[04-30-2018 18:21:10]	[Train:train] Iter:352	loss=0.470768
[04-30-2018 18:21:19]	[Eval:test] Iter:352	accuracy=0.773809
[04-30-2018 18:21:27]	[Eval:valid] Iter:352	accuracy=0.773163
[04-30-2018 18:21:35]	[Train:train] Iter:353	loss=0.474350
[04-30-2018 18:21:44]	[Eval:test] Iter:353	accuracy=0.773246
[04-30-2018 18:21:53]	[Eval:valid] Iter:353	accuracy=0.773305
[04-30-2018 18:22:01]	[Train:train] Iter:354	loss=0.471259
[04-30-2018 18:22:10]	[Eval:test] Iter:354	accuracy=0.773244
[04-30-2018 18:22:18]	[Eval:valid] Iter:354	accuracy=0.773574
[04-30-2018 18:22:27]	[Train:train] Iter:355	loss=0.471348
[04-30-2018 18:22:36]	[Eval:test] Iter:355	accuracy=0.773610
[04-30-2018 18:22:44]	[Eval:valid] Iter:355	accuracy=0.772937
[04-30-2018 18:22:52]	[Train:train] Iter:356	loss=0.476994
[04-30-2018 18:23:01]	[Eval:test] Iter:356	accuracy=0.773863
[04-30-2018 18:23:09]	[Eval:valid] Iter:356	accuracy=0.773037
[04-30-2018 18:23:17]	[Train:train] Iter:357	loss=0.469923
[04-30-2018 18:23:26]	[Eval:test] Iter:357	accuracy=0.773394
[04-30-2018 18:23:35]	[Eval:valid] Iter:357	accuracy=0.773487
[04-30-2018 18:23:43]	[Train:train] Iter:358	loss=0.467974
[04-30-2018 18:23:53]	[Eval:test] Iter:358	accuracy=0.773441
[04-30-2018 18:24:01]	[Eval:valid] Iter:358	accuracy=0.772948
[04-30-2018 18:24:11]	[Train:train] Iter:359	loss=0.464926
[04-30-2018 18:24:20]	[Eval:test] Iter:359	accuracy=0.773050
[04-30-2018 18:24:28]	[Eval:valid] Iter:359	accuracy=0.772695
[04-30-2018 18:24:36]	[Train:train] Iter:360	loss=0.470768
[04-30-2018 18:24:46]	[Eval:test] Iter:360	accuracy=0.773830
[04-30-2018 18:24:54]	[Eval:valid] Iter:360	accuracy=0.773267
[04-30-2018 18:25:02]	[Train:train] Iter:361	loss=0.476312
[04-30-2018 18:25:11]	[Eval:test] Iter:361	accuracy=0.773195
[04-30-2018 18:25:19]	[Eval:valid] Iter:361	accuracy=0.773391
[04-30-2018 18:25:28]	[Train:train] Iter:362	loss=0.478299
[04-30-2018 18:25:37]	[Eval:test] Iter:362	accuracy=0.773486
[04-30-2018 18:25:45]	[Eval:valid] Iter:362	accuracy=0.772728
[04-30-2018 18:25:53]	[Train:train] Iter:363	loss=0.473374
[04-30-2018 18:26:02]	[Eval:test] Iter:363	accuracy=0.772922
[04-30-2018 18:26:11]	[Eval:valid] Iter:363	accuracy=0.772994
[04-30-2018 18:26:19]	[Train:train] Iter:364	loss=0.467306
[04-30-2018 18:26:28]	[Eval:test] Iter:364	accuracy=0.773315
[04-30-2018 18:26:36]	[Eval:valid] Iter:364	accuracy=0.772992
[04-30-2018 18:26:45]	[Train:train] Iter:365	loss=0.475200
[04-30-2018 18:26:53]	[Eval:test] Iter:365	accuracy=0.773264
[04-30-2018 18:27:03]	[Eval:valid] Iter:365	accuracy=0.773194
[04-30-2018 18:27:11]	[Train:train] Iter:366	loss=0.474637
[04-30-2018 18:27:20]	[Eval:test] Iter:366	accuracy=0.773756
[04-30-2018 18:27:28]	[Eval:valid] Iter:366	accuracy=0.773407
[04-30-2018 18:27:37]	[Train:train] Iter:367	loss=0.475449
[04-30-2018 18:27:46]	[Eval:test] Iter:367	accuracy=0.773685
[04-30-2018 18:27:54]	[Eval:valid] Iter:367	accuracy=0.772895
[04-30-2018 18:28:02]	[Train:train] Iter:368	loss=0.464877
[04-30-2018 18:28:11]	[Eval:test] Iter:368	accuracy=0.774126
[04-30-2018 18:28:20]	[Eval:valid] Iter:368	accuracy=0.772628
[04-30-2018 18:28:28]	[Train:train] Iter:369	loss=0.468071
[04-30-2018 18:28:37]	[Eval:test] Iter:369	accuracy=0.773075
[04-30-2018 18:28:46]	[Eval:valid] Iter:369	accuracy=0.773114
[04-30-2018 18:28:54]	[Train:train] Iter:370	loss=0.465392
[04-30-2018 18:29:03]	[Eval:test] Iter:370	accuracy=0.773443
[04-30-2018 18:29:11]	[Eval:valid] Iter:370	accuracy=0.773139
[04-30-2018 18:29:20]	[Train:train] Iter:371	loss=0.474963
[04-30-2018 18:29:29]	[Eval:test] Iter:371	accuracy=0.773537
[04-30-2018 18:29:39]	[Eval:valid] Iter:371	accuracy=0.773363
[04-30-2018 18:29:48]	[Train:train] Iter:372	loss=0.472008
[04-30-2018 18:29:57]	[Eval:test] Iter:372	accuracy=0.773644
[04-30-2018 18:30:06]	[Eval:valid] Iter:372	accuracy=0.773727
[04-30-2018 18:30:14]	[Train:train] Iter:373	loss=0.476973
[04-30-2018 18:30:23]	[Eval:test] Iter:373	accuracy=0.772859
[04-30-2018 18:30:32]	[Eval:valid] Iter:373	accuracy=0.772677
[04-30-2018 18:30:40]	[Train:train] Iter:374	loss=0.468046
[04-30-2018 18:30:49]	[Eval:test] Iter:374	accuracy=0.773811
[04-30-2018 18:30:57]	[Eval:valid] Iter:374	accuracy=0.773165
[04-30-2018 18:31:06]	[Train:train] Iter:375	loss=0.475052
[04-30-2018 18:31:14]	[Eval:test] Iter:375	accuracy=0.773345
[04-30-2018 18:31:22]	[Eval:valid] Iter:375	accuracy=0.773145
[04-30-2018 18:31:31]	[Train:train] Iter:376	loss=0.459634
[04-30-2018 18:31:40]	[Eval:test] Iter:376	accuracy=0.773197
[04-30-2018 18:31:48]	[Eval:valid] Iter:376	accuracy=0.771949
[04-30-2018 18:31:56]	[Train:train] Iter:377	loss=0.476070
[04-30-2018 18:32:05]	[Eval:test] Iter:377	accuracy=0.774316
[04-30-2018 18:32:14]	[Eval:valid] Iter:377	accuracy=0.772950
[04-30-2018 18:32:22]	[Train:train] Iter:378	loss=0.466264
[04-30-2018 18:32:31]	[Eval:test] Iter:378	accuracy=0.773582
[04-30-2018 18:32:39]	[Eval:valid] Iter:378	accuracy=0.773385
[04-30-2018 18:32:48]	[Train:train] Iter:379	loss=0.474467
[04-30-2018 18:32:57]	[Eval:test] Iter:379	accuracy=0.773679
[04-30-2018 18:33:06]	[Eval:valid] Iter:379	accuracy=0.771206
[04-30-2018 18:33:14]	[Train:train] Iter:380	loss=0.463725
[04-30-2018 18:33:23]	[Eval:test] Iter:380	accuracy=0.774023
[04-30-2018 18:33:32]	[Eval:valid] Iter:380	accuracy=0.773192
[04-30-2018 18:33:41]	[Train:train] Iter:381	loss=0.471545
[04-30-2018 18:33:50]	[Eval:test] Iter:381	accuracy=0.773753
[04-30-2018 18:33:59]	[Eval:valid] Iter:381	accuracy=0.772242
[04-30-2018 18:34:07]	[Train:train] Iter:382	loss=0.475198
[04-30-2018 18:34:16]	[Eval:test] Iter:382	accuracy=0.774459
[04-30-2018 18:34:24]	[Eval:valid] Iter:382	accuracy=0.772921
[04-30-2018 18:34:33]	[Train:train] Iter:383	loss=0.468040
[04-30-2018 18:34:42]	[Eval:test] Iter:383	accuracy=0.775264
[04-30-2018 18:34:51]	[Eval:valid] Iter:383	accuracy=0.773047
[04-30-2018 18:35:01]	[Train:train] Iter:384	loss=0.465559
[04-30-2018 18:35:10]	[Eval:test] Iter:384	accuracy=0.774725
[04-30-2018 18:35:18]	[Eval:valid] Iter:384	accuracy=0.773220
[04-30-2018 18:35:27]	[Train:train] Iter:385	loss=0.459902
[04-30-2018 18:35:35]	[Eval:test] Iter:385	accuracy=0.775020
[04-30-2018 18:35:43]	[Eval:valid] Iter:385	accuracy=0.774170
[04-30-2018 18:35:52]	[Train:train] Iter:386	loss=0.468854
[04-30-2018 18:36:01]	[Eval:test] Iter:386	accuracy=0.774725
[04-30-2018 18:36:09]	[Eval:valid] Iter:386	accuracy=0.774244
[04-30-2018 18:36:17]	[Train:train] Iter:387	loss=0.467543
[04-30-2018 18:36:27]	[Eval:test] Iter:387	accuracy=0.774752
[04-30-2018 18:36:35]	[Eval:valid] Iter:387	accuracy=0.773877
[04-30-2018 18:36:43]	[Train:train] Iter:388	loss=0.465816
[04-30-2018 18:36:53]	[Eval:test] Iter:388	accuracy=0.774825
[04-30-2018 18:37:01]	[Eval:valid] Iter:388	accuracy=0.773877
[04-30-2018 18:37:09]	[Train:train] Iter:389	loss=0.478543
[04-30-2018 18:37:18]	[Eval:test] Iter:389	accuracy=0.775067
[04-30-2018 18:37:26]	[Eval:valid] Iter:389	accuracy=0.773312
[04-30-2018 18:37:34]	[Train:train] Iter:390	loss=0.459818
[04-30-2018 18:37:43]	[Eval:test] Iter:390	accuracy=0.775001
[04-30-2018 18:37:52]	[Eval:valid] Iter:390	accuracy=0.773778
[04-30-2018 18:38:00]	[Train:train] Iter:391	loss=0.469717
[04-30-2018 18:38:09]	[Eval:test] Iter:391	accuracy=0.774021
[04-30-2018 18:38:17]	[Eval:valid] Iter:391	accuracy=0.772850
[04-30-2018 18:38:25]	[Train:train] Iter:392	loss=0.475437
[04-30-2018 18:38:33]	[Eval:test] Iter:392	accuracy=0.775584
[04-30-2018 18:38:42]	[Eval:valid] Iter:392	accuracy=0.773727
[04-30-2018 18:38:50]	[Train:train] Iter:393	loss=0.468767
[04-30-2018 18:38:59]	[Eval:test] Iter:393	accuracy=0.774607
[04-30-2018 18:39:08]	[Eval:valid] Iter:393	accuracy=0.772386
[04-30-2018 18:39:16]	[Train:train] Iter:394	loss=0.469715
[04-30-2018 18:39:25]	[Eval:test] Iter:394	accuracy=0.775385
[04-30-2018 18:39:34]	[Eval:valid] Iter:394	accuracy=0.773908
[04-30-2018 18:39:42]	[Train:train] Iter:395	loss=0.468198
[04-30-2018 18:39:51]	[Eval:test] Iter:395	accuracy=0.774847
[04-30-2018 18:40:00]	[Eval:valid] Iter:395	accuracy=0.774128
[04-30-2018 18:40:08]	[Train:train] Iter:396	loss=0.467388
[04-30-2018 18:40:17]	[Eval:test] Iter:396	accuracy=0.775413
[04-30-2018 18:40:27]	[Eval:valid] Iter:396	accuracy=0.772144
[04-30-2018 18:40:35]	[Train:train] Iter:397	loss=0.457739
[04-30-2018 18:40:44]	[Eval:test] Iter:397	accuracy=0.775488
[04-30-2018 18:40:53]	[Eval:valid] Iter:397	accuracy=0.773318
[04-30-2018 18:41:01]	[Train:train] Iter:398	loss=0.466017
[04-30-2018 18:41:10]	[Eval:test] Iter:398	accuracy=0.775807
[04-30-2018 18:41:18]	[Eval:valid] Iter:398	accuracy=0.772756
[04-30-2018 18:41:27]	[Train:train] Iter:399	loss=0.464541
[04-30-2018 18:41:35]	[Eval:test] Iter:399	accuracy=0.776027
[04-30-2018 18:41:44]	[Eval:valid] Iter:399	accuracy=0.773027
[04-30-2018 18:41:52]	[Train:train] Iter:400	loss=0.466692
[04-30-2018 18:42:01]	[Eval:test] Iter:400	accuracy=0.775542
[04-30-2018 18:42:10]	[Eval:valid] Iter:400	accuracy=0.774270
[04-30-2018 18:42:18]	[Train:train] Iter:401	loss=0.474706
[04-30-2018 18:42:27]	[Eval:test] Iter:401	accuracy=0.775249
[04-30-2018 18:42:35]	[Eval:valid] Iter:401	accuracy=0.774419
[04-30-2018 18:42:44]	[Train:train] Iter:402	loss=0.454717
[04-30-2018 18:42:53]	[Eval:test] Iter:402	accuracy=0.775242
[04-30-2018 18:43:01]	[Eval:valid] Iter:402	accuracy=0.774370
[04-30-2018 18:43:10]	[Train:train] Iter:403	loss=0.457381
[04-30-2018 18:43:19]	[Eval:test] Iter:403	accuracy=0.775120
[04-30-2018 18:43:27]	[Eval:valid] Iter:403	accuracy=0.774494
[04-30-2018 18:43:35]	[Train:train] Iter:404	loss=0.467032
[04-30-2018 18:43:44]	[Eval:test] Iter:404	accuracy=0.774799
[04-30-2018 18:43:52]	[Eval:valid] Iter:404	accuracy=0.774372
[04-30-2018 18:44:01]	[Train:train] Iter:405	loss=0.458573
[04-30-2018 18:44:10]	[Eval:test] Iter:405	accuracy=0.775189
[04-30-2018 18:44:18]	[Eval:valid] Iter:405	accuracy=0.774128
[04-30-2018 18:44:26]	[Train:train] Iter:406	loss=0.459005
[04-30-2018 18:44:35]	[Eval:test] Iter:406	accuracy=0.773798
[04-30-2018 18:44:43]	[Eval:valid] Iter:406	accuracy=0.773935
[04-30-2018 18:44:52]	[Train:train] Iter:407	loss=0.461981
[04-30-2018 18:45:01]	[Eval:test] Iter:407	accuracy=0.774953
[04-30-2018 18:45:09]	[Eval:valid] Iter:407	accuracy=0.774276
[04-30-2018 18:45:17]	[Train:train] Iter:408	loss=0.457107
[04-30-2018 18:45:26]	[Eval:test] Iter:408	accuracy=0.775242
[04-30-2018 18:45:34]	[Eval:valid] Iter:408	accuracy=0.773782
[04-30-2018 18:45:45]	[Train:train] Iter:409	loss=0.452572
[04-30-2018 18:45:54]	[Eval:test] Iter:409	accuracy=0.774928
[04-30-2018 18:46:02]	[Eval:valid] Iter:409	accuracy=0.774421
[04-30-2018 18:46:10]	[Train:train] Iter:410	loss=0.461355
[04-30-2018 18:46:19]	[Eval:test] Iter:410	accuracy=0.774562
[04-30-2018 18:46:27]	[Eval:valid] Iter:410	accuracy=0.774026
[04-30-2018 18:46:36]	[Train:train] Iter:411	loss=0.458204
[04-30-2018 18:46:45]	[Eval:test] Iter:411	accuracy=0.774393
[04-30-2018 18:46:53]	[Eval:valid] Iter:411	accuracy=0.773959
[04-30-2018 18:47:02]	[Train:train] Iter:412	loss=0.461387
[04-30-2018 18:47:11]	[Eval:test] Iter:412	accuracy=0.774588
[04-30-2018 18:47:19]	[Eval:valid] Iter:412	accuracy=0.774108
[04-30-2018 18:47:28]	[Train:train] Iter:413	loss=0.452710
[04-30-2018 18:47:37]	[Eval:test] Iter:413	accuracy=0.775050
[04-30-2018 18:47:45]	[Eval:valid] Iter:413	accuracy=0.773955
[04-30-2018 18:47:53]	[Train:train] Iter:414	loss=0.463452
[04-30-2018 18:48:02]	[Eval:test] Iter:414	accuracy=0.774761
[04-30-2018 18:48:10]	[Eval:valid] Iter:414	accuracy=0.774177
[04-30-2018 18:48:18]	[Train:train] Iter:415	loss=0.456443
[04-30-2018 18:48:27]	[Eval:test] Iter:415	accuracy=0.774909
[04-30-2018 18:48:35]	[Eval:valid] Iter:415	accuracy=0.774345
[04-30-2018 18:48:44]	[Train:train] Iter:416	loss=0.455867
[04-30-2018 18:48:53]	[Eval:test] Iter:416	accuracy=0.774887
[04-30-2018 18:49:01]	[Eval:valid] Iter:416	accuracy=0.774248
[04-30-2018 18:49:10]	[Train:train] Iter:417	loss=0.457922
[04-30-2018 18:49:19]	[Eval:test] Iter:417	accuracy=0.774816
[04-30-2018 18:49:28]	[Eval:valid] Iter:417	accuracy=0.774071
[04-30-2018 18:49:36]	[Train:train] Iter:418	loss=0.453604
[04-30-2018 18:49:45]	[Eval:test] Iter:418	accuracy=0.775129
[04-30-2018 18:49:54]	[Eval:valid] Iter:418	accuracy=0.773739
[04-30-2018 18:50:02]	[Train:train] Iter:419	loss=0.462977
[04-30-2018 18:50:11]	[Eval:test] Iter:419	accuracy=0.775155
[04-30-2018 18:50:20]	[Eval:valid] Iter:419	accuracy=0.773886
[04-30-2018 18:50:28]	[Train:train] Iter:420	loss=0.453139
[04-30-2018 18:50:37]	[Eval:test] Iter:420	accuracy=0.775454
[04-30-2018 18:50:46]	[Eval:valid] Iter:420	accuracy=0.774046
[04-30-2018 18:50:54]	[Train:train] Iter:421	loss=0.456059
[04-30-2018 18:51:03]	[Eval:test] Iter:421	accuracy=0.775766
[04-30-2018 18:51:13]	[Eval:valid] Iter:421	accuracy=0.773871
[04-30-2018 18:51:21]	[Train:train] Iter:422	loss=0.460455
[04-30-2018 18:51:30]	[Eval:test] Iter:422	accuracy=0.775668
[04-30-2018 18:51:39]	[Eval:valid] Iter:422	accuracy=0.774217
[04-30-2018 18:51:47]	[Train:train] Iter:423	loss=0.454367
[04-30-2018 18:51:56]	[Eval:test] Iter:423	accuracy=0.776186
[04-30-2018 18:52:04]	[Eval:valid] Iter:423	accuracy=0.773607
[04-30-2018 18:52:13]	[Train:train] Iter:424	loss=0.463269
[04-30-2018 18:52:21]	[Eval:test] Iter:424	accuracy=0.775638
[04-30-2018 18:52:30]	[Eval:valid] Iter:424	accuracy=0.774441
[04-30-2018 18:52:38]	[Train:train] Iter:425	loss=0.461399
[04-30-2018 18:52:47]	[Eval:test] Iter:425	accuracy=0.775785
[04-30-2018 18:52:55]	[Eval:valid] Iter:425	accuracy=0.774117
[04-30-2018 18:53:03]	[Train:train] Iter:426	loss=0.458318
[04-30-2018 18:53:12]	[Eval:test] Iter:426	accuracy=0.776275
[04-30-2018 18:53:21]	[Eval:valid] Iter:426	accuracy=0.774630
[04-30-2018 18:53:29]	[Train:train] Iter:427	loss=0.454356
[04-30-2018 18:53:38]	[Eval:test] Iter:427	accuracy=0.776372
[04-30-2018 18:53:46]	[Eval:valid] Iter:427	accuracy=0.774217
[04-30-2018 18:53:55]	[Train:train] Iter:428	loss=0.457947
[04-30-2018 18:54:04]	[Eval:test] Iter:428	accuracy=0.775984
[04-30-2018 18:54:12]	[Eval:valid] Iter:428	accuracy=0.774905
[04-30-2018 18:54:20]	[Train:train] Iter:429	loss=0.453117
[04-30-2018 18:54:30]	[Eval:test] Iter:429	accuracy=0.774844
[04-30-2018 18:54:38]	[Eval:valid] Iter:429	accuracy=0.773560
[04-30-2018 18:54:46]	[Train:train] Iter:430	loss=0.458024
[04-30-2018 18:54:55]	[Eval:test] Iter:430	accuracy=0.776147
[04-30-2018 18:55:04]	[Eval:valid] Iter:430	accuracy=0.774415
[04-30-2018 18:55:12]	[Train:train] Iter:431	loss=0.450447
[04-30-2018 18:55:21]	[Eval:test] Iter:431	accuracy=0.776271
[04-30-2018 18:55:30]	[Eval:valid] Iter:431	accuracy=0.774534
[04-30-2018 18:55:38]	[Train:train] Iter:432	loss=0.453818
[04-30-2018 18:55:47]	[Eval:test] Iter:432	accuracy=0.775507
[04-30-2018 18:55:55]	[Eval:valid] Iter:432	accuracy=0.774807
[04-30-2018 18:56:04]	[Train:train] Iter:433	loss=0.457425
[04-30-2018 18:56:13]	[Eval:test] Iter:433	accuracy=0.776324
[04-30-2018 18:56:21]	[Eval:valid] Iter:433	accuracy=0.775194
[04-30-2018 18:56:30]	[Train:train] Iter:434	loss=0.455140
[04-30-2018 18:56:39]	[Eval:test] Iter:434	accuracy=0.776198
[04-30-2018 18:56:49]	[Eval:valid] Iter:434	accuracy=0.774968
[04-30-2018 18:56:57]	[Train:train] Iter:435	loss=0.461080
[04-30-2018 18:57:06]	[Eval:test] Iter:435	accuracy=0.775623
[04-30-2018 18:57:15]	[Eval:valid] Iter:435	accuracy=0.774657
[04-30-2018 18:57:23]	[Train:train] Iter:436	loss=0.457451
[04-30-2018 18:57:32]	[Eval:test] Iter:436	accuracy=0.775696
[04-30-2018 18:57:40]	[Eval:valid] Iter:436	accuracy=0.773916
[04-30-2018 18:57:48]	[Train:train] Iter:437	loss=0.458893
[04-30-2018 18:57:57]	[Eval:test] Iter:437	accuracy=0.774847
[04-30-2018 18:58:05]	[Eval:valid] Iter:437	accuracy=0.774295
[04-30-2018 18:58:14]	[Train:train] Iter:438	loss=0.460627
[04-30-2018 18:58:23]	[Eval:test] Iter:438	accuracy=0.776643
[04-30-2018 18:58:31]	[Eval:valid] Iter:438	accuracy=0.774919
[04-30-2018 18:58:40]	[Train:train] Iter:439	loss=0.452220
[04-30-2018 18:58:48]	[Eval:test] Iter:439	accuracy=0.776269
[04-30-2018 18:58:56]	[Eval:valid] Iter:439	accuracy=0.774850
[04-30-2018 18:59:04]	[Train:train] Iter:440	loss=0.456243
[04-30-2018 18:59:13]	[Eval:test] Iter:440	accuracy=0.776143
[04-30-2018 18:59:21]	[Eval:valid] Iter:440	accuracy=0.774242
[04-30-2018 18:59:30]	[Train:train] Iter:441	loss=0.456632
[04-30-2018 18:59:39]	[Eval:test] Iter:441	accuracy=0.775740
[04-30-2018 18:59:47]	[Eval:valid] Iter:441	accuracy=0.774138
[04-30-2018 18:59:56]	[Train:train] Iter:442	loss=0.449640
[04-30-2018 19:00:05]	[Eval:test] Iter:442	accuracy=0.775631
[04-30-2018 19:00:13]	[Eval:valid] Iter:442	accuracy=0.774117
[04-30-2018 19:00:21]	[Train:train] Iter:443	loss=0.453110
[04-30-2018 19:00:30]	[Eval:test] Iter:443	accuracy=0.776250
[04-30-2018 19:00:38]	[Eval:valid] Iter:443	accuracy=0.775167
[04-30-2018 19:00:46]	[Train:train] Iter:444	loss=0.459939
[04-30-2018 19:00:55]	[Eval:test] Iter:444	accuracy=0.777403
[04-30-2018 19:01:04]	[Eval:valid] Iter:444	accuracy=0.775338
[04-30-2018 19:01:12]	[Train:train] Iter:445	loss=0.452840
[04-30-2018 19:01:21]	[Eval:test] Iter:445	accuracy=0.776228
[04-30-2018 19:01:29]	[Eval:valid] Iter:445	accuracy=0.774954
[04-30-2018 19:01:38]	[Train:train] Iter:446	loss=0.452516
[04-30-2018 19:01:47]	[Eval:test] Iter:446	accuracy=0.777375
[04-30-2018 19:01:55]	[Eval:valid] Iter:446	accuracy=0.774830
[04-30-2018 19:02:05]	[Train:train] Iter:447	loss=0.449524
[04-30-2018 19:02:14]	[Eval:test] Iter:447	accuracy=0.777080
[04-30-2018 19:02:23]	[Eval:valid] Iter:447	accuracy=0.775273
[04-30-2018 19:02:31]	[Train:train] Iter:448	loss=0.461438
[04-30-2018 19:02:40]	[Eval:test] Iter:448	accuracy=0.777178
[04-30-2018 19:02:48]	[Eval:valid] Iter:448	accuracy=0.774783
[04-30-2018 19:02:57]	[Train:train] Iter:449	loss=0.439815
[04-30-2018 19:03:06]	[Eval:test] Iter:449	accuracy=0.777499
[04-30-2018 19:03:14]	[Eval:valid] Iter:449	accuracy=0.775369
[04-30-2018 19:03:23]	[Train:train] Iter:450	loss=0.460843
[04-30-2018 19:03:31]	[Eval:test] Iter:450	accuracy=0.776913
[04-30-2018 19:03:40]	[Eval:valid] Iter:450	accuracy=0.776095
[04-30-2018 19:03:48]	[Train:train] Iter:451	loss=0.455213
[04-30-2018 19:03:57]	[Eval:test] Iter:451	accuracy=0.777276
[04-30-2018 19:04:05]	[Eval:valid] Iter:451	accuracy=0.776176
[04-30-2018 19:04:13]	[Train:train] Iter:452	loss=0.452298
[04-30-2018 19:04:22]	[Eval:test] Iter:452	accuracy=0.776769
[04-30-2018 19:04:31]	[Eval:valid] Iter:452	accuracy=0.775802
[04-30-2018 19:04:39]	[Train:train] Iter:453	loss=0.444845
[04-30-2018 19:04:48]	[Eval:test] Iter:453	accuracy=0.778089
[04-30-2018 19:04:57]	[Eval:valid] Iter:453	accuracy=0.775283
[04-30-2018 19:05:05]	[Train:train] Iter:454	loss=0.453175
[04-30-2018 19:05:14]	[Eval:test] Iter:454	accuracy=0.776031
[04-30-2018 19:05:23]	[Eval:valid] Iter:454	accuracy=0.774168
[04-30-2018 19:05:31]	[Train:train] Iter:455	loss=0.452059
[04-30-2018 19:05:40]	[Eval:test] Iter:455	accuracy=0.776739
[04-30-2018 19:05:48]	[Eval:valid] Iter:455	accuracy=0.775198
[04-30-2018 19:05:56]	[Train:train] Iter:456	loss=0.456267
[04-30-2018 19:06:05]	[Eval:test] Iter:456	accuracy=0.777916
[04-30-2018 19:06:13]	[Eval:valid] Iter:456	accuracy=0.775588
[04-30-2018 19:06:22]	[Train:train] Iter:457	loss=0.441618
[04-30-2018 19:06:30]	[Eval:test] Iter:457	accuracy=0.777569
[04-30-2018 19:06:39]	[Eval:valid] Iter:457	accuracy=0.775422
[04-30-2018 19:06:48]	[Train:train] Iter:458	loss=0.455122
[04-30-2018 19:06:57]	[Eval:test] Iter:458	accuracy=0.777741
[04-30-2018 19:07:05]	[Eval:valid] Iter:458	accuracy=0.775881
[04-30-2018 19:07:13]	[Train:train] Iter:459	loss=0.454835
[04-30-2018 19:07:23]	[Eval:test] Iter:459	accuracy=0.778130
[04-30-2018 19:07:32]	[Eval:valid] Iter:459	accuracy=0.775884
[04-30-2018 19:07:41]	[Train:train] Iter:460	loss=0.443102
[04-30-2018 19:07:50]	[Eval:test] Iter:460	accuracy=0.778155
[04-30-2018 19:07:59]	[Eval:valid] Iter:460	accuracy=0.775961
[04-30-2018 19:08:08]	[Train:train] Iter:461	loss=0.457563
[04-30-2018 19:08:17]	[Eval:test] Iter:461	accuracy=0.778611
[04-30-2018 19:08:25]	[Eval:valid] Iter:461	accuracy=0.775855
[04-30-2018 19:08:34]	[Train:train] Iter:462	loss=0.447992
[04-30-2018 19:08:43]	[Eval:test] Iter:462	accuracy=0.778117
[04-30-2018 19:08:51]	[Eval:valid] Iter:462	accuracy=0.776197
[04-30-2018 19:08:59]	[Train:train] Iter:463	loss=0.442777
[04-30-2018 19:09:08]	[Eval:test] Iter:463	accuracy=0.778078
[04-30-2018 19:09:17]	[Eval:valid] Iter:463	accuracy=0.776834
[04-30-2018 19:09:25]	[Train:train] Iter:464	loss=0.454648
[04-30-2018 19:09:34]	[Eval:test] Iter:464	accuracy=0.777167
[04-30-2018 19:09:42]	[Eval:valid] Iter:464	accuracy=0.776325
[04-30-2018 19:09:50]	[Train:train] Iter:465	loss=0.456609
[04-30-2018 19:09:59]	[Eval:test] Iter:465	accuracy=0.777418
[04-30-2018 19:10:08]	[Eval:valid] Iter:465	accuracy=0.776567
[04-30-2018 19:10:16]	[Train:train] Iter:466	loss=0.444932
[04-30-2018 19:10:25]	[Eval:test] Iter:466	accuracy=0.778224
[04-30-2018 19:10:33]	[Eval:valid] Iter:466	accuracy=0.777224
[04-30-2018 19:10:41]	[Train:train] Iter:467	loss=0.446231
[04-30-2018 19:10:51]	[Eval:test] Iter:467	accuracy=0.778098
[04-30-2018 19:10:59]	[Eval:valid] Iter:467	accuracy=0.777151
[04-30-2018 19:11:08]	[Train:train] Iter:468	loss=0.455456
[04-30-2018 19:11:17]	[Eval:test] Iter:468	accuracy=0.777856
[04-30-2018 19:11:25]	[Eval:valid] Iter:468	accuracy=0.776960
[04-30-2018 19:11:34]	[Train:train] Iter:469	loss=0.451905
[04-30-2018 19:11:43]	[Eval:test] Iter:469	accuracy=0.778096
[04-30-2018 19:11:51]	[Eval:valid] Iter:469	accuracy=0.775985
[04-30-2018 19:12:00]	[Train:train] Iter:470	loss=0.449032
[04-30-2018 19:12:09]	[Eval:test] Iter:470	accuracy=0.778769
[04-30-2018 19:12:18]	[Eval:valid] Iter:470	accuracy=0.776445
[04-30-2018 19:12:26]	[Train:train] Iter:471	loss=0.446512
[04-30-2018 19:12:35]	[Eval:test] Iter:471	accuracy=0.778372
[04-30-2018 19:12:45]	[Eval:valid] Iter:471	accuracy=0.776712
[04-30-2018 19:12:53]	[Train:train] Iter:472	loss=0.452575
[04-30-2018 19:13:01]	[Eval:test] Iter:472	accuracy=0.778277
[04-30-2018 19:13:10]	[Eval:valid] Iter:472	accuracy=0.777247
[04-30-2018 19:13:18]	[Train:train] Iter:473	loss=0.450519
[04-30-2018 19:13:27]	[Eval:test] Iter:473	accuracy=0.777079
[04-30-2018 19:13:35]	[Eval:valid] Iter:473	accuracy=0.775764
[04-30-2018 19:13:44]	[Train:train] Iter:474	loss=0.446762
[04-30-2018 19:13:53]	[Eval:test] Iter:474	accuracy=0.778722
[04-30-2018 19:14:01]	[Eval:valid] Iter:474	accuracy=0.776903
[04-30-2018 19:14:10]	[Train:train] Iter:475	loss=0.448388
[04-30-2018 19:14:19]	[Eval:test] Iter:475	accuracy=0.778526
[04-30-2018 19:14:27]	[Eval:valid] Iter:475	accuracy=0.776801
[04-30-2018 19:14:35]	[Train:train] Iter:476	loss=0.440546
[04-30-2018 19:14:44]	[Eval:test] Iter:476	accuracy=0.778816
[04-30-2018 19:14:52]	[Eval:valid] Iter:476	accuracy=0.777124
[04-30-2018 19:15:01]	[Train:train] Iter:477	loss=0.446021
[04-30-2018 19:15:09]	[Eval:test] Iter:477	accuracy=0.779206
[04-30-2018 19:15:18]	[Eval:valid] Iter:477	accuracy=0.777739
[04-30-2018 19:15:26]	[Train:train] Iter:478	loss=0.439899
[04-30-2018 19:15:35]	[Eval:test] Iter:478	accuracy=0.778917
[04-30-2018 19:15:43]	[Eval:valid] Iter:478	accuracy=0.777810
[04-30-2018 19:15:52]	[Train:train] Iter:479	loss=0.442929
[04-30-2018 19:16:01]	[Eval:test] Iter:479	accuracy=0.778374
[04-30-2018 19:16:09]	[Eval:valid] Iter:479	accuracy=0.776547
[04-30-2018 19:16:18]	[Train:train] Iter:480	loss=0.450662
[04-30-2018 19:16:27]	[Eval:test] Iter:480	accuracy=0.778915
[04-30-2018 19:16:35]	[Eval:valid] Iter:480	accuracy=0.776935
[04-30-2018 19:16:43]	[Train:train] Iter:481	loss=0.448416
[04-30-2018 19:16:52]	[Eval:test] Iter:481	accuracy=0.779139
[04-30-2018 19:17:00]	[Eval:valid] Iter:481	accuracy=0.776569
[04-30-2018 19:17:09]	[Train:train] Iter:482	loss=0.448492
[04-30-2018 19:17:18]	[Eval:test] Iter:482	accuracy=0.777101
[04-30-2018 19:17:26]	[Eval:valid] Iter:482	accuracy=0.776201
[04-30-2018 19:17:35]	[Train:train] Iter:483	loss=0.451432
[04-30-2018 19:17:44]	[Eval:test] Iter:483	accuracy=0.779289
[04-30-2018 19:17:52]	[Eval:valid] Iter:483	accuracy=0.777102
[04-30-2018 19:18:02]	[Train:train] Iter:484	loss=0.444497
[04-30-2018 19:18:11]	[Eval:test] Iter:484	accuracy=0.778865
[04-30-2018 19:18:20]	[Eval:valid] Iter:484	accuracy=0.777348
[04-30-2018 19:18:29]	[Train:train] Iter:485	loss=0.445660
[04-30-2018 19:18:38]	[Eval:test] Iter:485	accuracy=0.779533
[04-30-2018 19:18:46]	[Eval:valid] Iter:485	accuracy=0.776152
[04-30-2018 19:18:54]	[Train:train] Iter:486	loss=0.443937
[04-30-2018 19:19:03]	[Eval:test] Iter:486	accuracy=0.779064
[04-30-2018 19:19:12]	[Eval:valid] Iter:486	accuracy=0.776807
[04-30-2018 19:19:20]	[Train:train] Iter:487	loss=0.451294
[04-30-2018 19:19:29]	[Eval:test] Iter:487	accuracy=0.779283
[04-30-2018 19:19:37]	[Eval:valid] Iter:487	accuracy=0.776449
[04-30-2018 19:19:45]	[Train:train] Iter:488	loss=0.451314
[04-30-2018 19:19:54]	[Eval:test] Iter:488	accuracy=0.779695
[04-30-2018 19:20:02]	[Eval:valid] Iter:488	accuracy=0.777033
[04-30-2018 19:20:11]	[Train:train] Iter:489	loss=0.449038
[04-30-2018 19:20:19]	[Eval:test] Iter:489	accuracy=0.780628
[04-30-2018 19:20:27]	[Eval:valid] Iter:489	accuracy=0.776935
[04-30-2018 19:20:36]	[Train:train] Iter:490	loss=0.445432
[04-30-2018 19:20:45]	[Eval:test] Iter:490	accuracy=0.779651
[04-30-2018 19:20:53]	[Eval:valid] Iter:490	accuracy=0.776132
[04-30-2018 19:21:01]	[Train:train] Iter:491	loss=0.444457
[04-30-2018 19:21:10]	[Eval:test] Iter:491	accuracy=0.778483
[04-30-2018 19:21:19]	[Eval:valid] Iter:491	accuracy=0.776079
[04-30-2018 19:21:28]	[Train:train] Iter:492	loss=0.439797
[04-30-2018 19:21:37]	[Eval:test] Iter:492	accuracy=0.778239
[04-30-2018 19:21:45]	[Eval:valid] Iter:492	accuracy=0.776347
[04-30-2018 19:21:54]	[Train:train] Iter:493	loss=0.452053
[04-30-2018 19:22:03]	[Eval:test] Iter:493	accuracy=0.778633
[04-30-2018 19:22:12]	[Eval:valid] Iter:493	accuracy=0.776811
[04-30-2018 19:22:20]	[Train:train] Iter:494	loss=0.443993
[04-30-2018 19:22:29]	[Eval:test] Iter:494	accuracy=0.778891
[04-30-2018 19:22:37]	[Eval:valid] Iter:494	accuracy=0.776866
[04-30-2018 19:22:45]	[Train:train] Iter:495	loss=0.442091
[04-30-2018 19:22:54]	[Eval:test] Iter:495	accuracy=0.776898
[04-30-2018 19:23:02]	[Eval:valid] Iter:495	accuracy=0.776130
[04-30-2018 19:23:11]	[Train:train] Iter:496	loss=0.449808
[04-30-2018 19:23:20]	[Eval:test] Iter:496	accuracy=0.780279
[04-30-2018 19:23:30]	[Eval:valid] Iter:496	accuracy=0.776980
[04-30-2018 19:23:38]	[Train:train] Iter:497	loss=0.443857
[04-30-2018 19:23:48]	[Eval:test] Iter:497	accuracy=0.779586
[04-30-2018 19:23:56]	[Eval:valid] Iter:497	accuracy=0.776858
[04-30-2018 19:24:04]	[Train:train] Iter:498	loss=0.450290
[04-30-2018 19:24:13]	[Eval:test] Iter:498	accuracy=0.779240
[04-30-2018 19:24:22]	[Eval:valid] Iter:498	accuracy=0.776126
[04-30-2018 19:24:30]	[Train:train] Iter:499	loss=0.449648
[04-30-2018 19:24:39]	[Eval:test] Iter:499	accuracy=0.779862
[04-30-2018 19:24:47]	[Eval:valid] Iter:499	accuracy=0.776787
