[04-28-2018 13:56:32]	[Train:train] Iter:0	loss=1.344587
[04-28-2018 13:57:48]	[Eval:valid] Iter:0	accuracy=0.633215
[04-28-2018 14:00:17]	[Eval:test] Iter:0	accuracy=0.630691
[04-28-2018 14:02:44]	[Train:train] Iter:1	loss=0.816714
[04-28-2018 14:03:17]	[Eval:valid] Iter:1	accuracy=0.633215
[04-28-2018 14:05:46]	[Eval:test] Iter:1	accuracy=0.630691
[04-28-2018 14:08:15]	[Train:train] Iter:2	loss=0.724675
[04-28-2018 14:08:47]	[Eval:valid] Iter:2	accuracy=0.633215
[04-28-2018 14:11:14]	[Eval:test] Iter:2	accuracy=0.630691
[04-28-2018 14:13:44]	[Train:train] Iter:3	loss=0.735127
[04-28-2018 14:14:15]	[Eval:valid] Iter:3	accuracy=0.633215
[04-28-2018 14:16:44]	[Eval:test] Iter:3	accuracy=0.630691
[04-28-2018 14:19:13]	[Train:train] Iter:4	loss=0.675362
[04-28-2018 14:19:43]	[Eval:valid] Iter:4	accuracy=0.633215
[04-28-2018 14:22:12]	[Eval:test] Iter:4	accuracy=0.630691
[04-28-2018 14:24:41]	[Train:train] Iter:5	loss=0.628095
[04-28-2018 14:25:12]	[Eval:valid] Iter:5	accuracy=0.633290
[04-28-2018 14:27:40]	[Eval:test] Iter:5	accuracy=0.630790
[04-28-2018 14:30:09]	[Train:train] Iter:6	loss=0.611615
[04-28-2018 14:30:39]	[Eval:valid] Iter:6	accuracy=0.641972
[04-28-2018 14:33:08]	[Eval:test] Iter:6	accuracy=0.639276
[04-28-2018 14:35:38]	[Train:train] Iter:7	loss=0.585100
[04-28-2018 14:36:09]	[Eval:valid] Iter:7	accuracy=0.730541
[04-28-2018 14:38:37]	[Eval:test] Iter:7	accuracy=0.726833
[04-28-2018 14:41:05]	[Train:train] Iter:8	loss=0.571651
[04-28-2018 14:41:35]	[Eval:valid] Iter:8	accuracy=0.748773
[04-28-2018 14:44:04]	[Eval:test] Iter:8	accuracy=0.746420
[04-28-2018 14:46:34]	[Train:train] Iter:9	loss=0.571425
[04-28-2018 14:47:05]	[Eval:valid] Iter:9	accuracy=0.756727
[04-28-2018 14:49:33]	[Eval:test] Iter:9	accuracy=0.758237
[04-28-2018 14:52:03]	[Train:train] Iter:10	loss=0.542175
[04-28-2018 14:52:33]	[Eval:valid] Iter:10	accuracy=0.751962
[04-28-2018 14:55:02]	[Eval:test] Iter:10	accuracy=0.752865
[04-28-2018 14:57:31]	[Train:train] Iter:11	loss=0.558646
[04-28-2018 14:58:02]	[Eval:valid] Iter:11	accuracy=0.752239
[04-28-2018 15:00:30]	[Eval:test] Iter:11	accuracy=0.754142
[04-28-2018 15:02:59]	[Train:train] Iter:12	loss=0.552113
[04-28-2018 15:03:29]	[Eval:valid] Iter:12	accuracy=0.767490
[04-28-2018 15:05:58]	[Eval:test] Iter:12	accuracy=0.766396
[04-28-2018 15:08:27]	[Train:train] Iter:13	loss=0.539058
[04-28-2018 15:08:57]	[Eval:valid] Iter:13	accuracy=0.756088
[04-28-2018 15:11:24]	[Eval:test] Iter:13	accuracy=0.759190
[04-28-2018 15:13:54]	[Train:train] Iter:14	loss=0.527698
[04-28-2018 15:14:24]	[Eval:valid] Iter:14	accuracy=0.773855
[04-28-2018 15:16:52]	[Eval:test] Iter:14	accuracy=0.771314
[04-28-2018 15:19:21]	[Train:train] Iter:15	loss=0.530280
[04-28-2018 15:19:52]	[Eval:valid] Iter:15	accuracy=0.764542
[04-28-2018 15:22:20]	[Eval:test] Iter:15	accuracy=0.761503
[04-28-2018 15:24:52]	[Train:train] Iter:16	loss=0.523093
[04-28-2018 15:25:22]	[Eval:valid] Iter:16	accuracy=0.731440
[04-28-2018 15:27:50]	[Eval:test] Iter:16	accuracy=0.728119
[04-28-2018 15:30:20]	[Train:train] Iter:17	loss=0.489034
[04-28-2018 15:30:51]	[Eval:valid] Iter:17	accuracy=0.770021
[04-28-2018 15:33:19]	[Eval:test] Iter:17	accuracy=0.768842
[04-28-2018 15:35:49]	[Train:train] Iter:18	loss=0.482940
[04-28-2018 15:36:20]	[Eval:valid] Iter:18	accuracy=0.770807
[04-28-2018 15:38:49]	[Eval:test] Iter:18	accuracy=0.765887
[04-28-2018 15:41:19]	[Train:train] Iter:19	loss=0.511955
[04-28-2018 15:41:49]	[Eval:valid] Iter:19	accuracy=0.769039
[04-28-2018 15:44:18]	[Eval:test] Iter:19	accuracy=0.767298
[04-28-2018 15:46:46]	[Train:train] Iter:20	loss=0.485958
[04-28-2018 15:47:16]	[Eval:valid] Iter:20	accuracy=0.774015
[04-28-2018 15:49:45]	[Eval:test] Iter:20	accuracy=0.771318
[04-28-2018 15:52:13]	[Train:train] Iter:21	loss=0.476685
[04-28-2018 15:52:43]	[Eval:valid] Iter:21	accuracy=0.778624
[04-28-2018 15:55:11]	[Eval:test] Iter:21	accuracy=0.776472
[04-28-2018 15:57:42]	[Train:train] Iter:22	loss=0.463841
[04-28-2018 15:58:12]	[Eval:valid] Iter:22	accuracy=0.783738
[04-28-2018 16:00:39]	[Eval:test] Iter:22	accuracy=0.782202
[04-28-2018 16:03:09]	[Train:train] Iter:23	loss=0.463909
[04-28-2018 16:03:39]	[Eval:valid] Iter:23	accuracy=0.781899
[04-28-2018 16:06:07]	[Eval:test] Iter:23	accuracy=0.778271
[04-28-2018 16:08:36]	[Train:train] Iter:24	loss=0.470115
[04-28-2018 16:09:06]	[Eval:valid] Iter:24	accuracy=0.776402
[04-28-2018 16:11:37]	[Eval:test] Iter:24	accuracy=0.773994
[04-28-2018 16:14:05]	[Train:train] Iter:25	loss=0.442534
[04-28-2018 16:14:35]	[Eval:valid] Iter:25	accuracy=0.777854
[04-28-2018 16:17:04]	[Eval:test] Iter:25	accuracy=0.777014
[04-28-2018 16:19:32]	[Train:train] Iter:26	loss=0.458271
[04-28-2018 16:20:03]	[Eval:valid] Iter:26	accuracy=0.763820
[04-28-2018 16:22:30]	[Eval:test] Iter:26	accuracy=0.761004
[04-28-2018 16:24:58]	[Train:train] Iter:27	loss=0.472167
[04-28-2018 16:25:29]	[Eval:valid] Iter:27	accuracy=0.745566
[04-28-2018 16:27:56]	[Eval:test] Iter:27	accuracy=0.742875
[04-28-2018 16:30:25]	[Train:train] Iter:28	loss=0.438824
[04-28-2018 16:30:56]	[Eval:valid] Iter:28	accuracy=0.788521
[04-28-2018 16:33:24]	[Eval:test] Iter:28	accuracy=0.785686
[04-28-2018 16:35:52]	[Train:train] Iter:29	loss=0.435590
[04-28-2018 16:36:22]	[Eval:valid] Iter:29	accuracy=0.791618
[04-28-2018 16:38:51]	[Eval:test] Iter:29	accuracy=0.786559
[04-28-2018 16:41:21]	[Train:train] Iter:30	loss=0.452862
[04-28-2018 16:41:51]	[Eval:valid] Iter:30	accuracy=0.786561
[04-28-2018 16:44:20]	[Eval:test] Iter:30	accuracy=0.781090
[04-28-2018 16:46:47]	[Train:train] Iter:31	loss=0.426745
[04-28-2018 16:47:18]	[Eval:valid] Iter:31	accuracy=0.792204
[04-28-2018 16:49:44]	[Eval:test] Iter:31	accuracy=0.787974
[04-28-2018 16:52:14]	[Train:train] Iter:32	loss=0.435253
[04-28-2018 16:52:44]	[Eval:valid] Iter:32	accuracy=0.791910
[04-28-2018 16:55:13]	[Eval:test] Iter:32	accuracy=0.789437
[04-28-2018 16:57:42]	[Train:train] Iter:33	loss=0.431976
[04-28-2018 16:58:13]	[Eval:valid] Iter:33	accuracy=0.793099
[04-28-2018 17:00:39]	[Eval:test] Iter:33	accuracy=0.789233
[04-28-2018 17:03:07]	[Train:train] Iter:34	loss=0.441941
[04-28-2018 17:03:37]	[Eval:valid] Iter:34	accuracy=0.792407
[04-28-2018 17:06:05]	[Eval:test] Iter:34	accuracy=0.790132
[04-28-2018 17:08:33]	[Train:train] Iter:35	loss=0.415156
[04-28-2018 17:09:03]	[Eval:valid] Iter:35	accuracy=0.792209
[04-28-2018 17:11:32]	[Eval:test] Iter:35	accuracy=0.790173
[04-28-2018 17:13:59]	[Train:train] Iter:36	loss=0.454356
[04-28-2018 17:14:30]	[Eval:valid] Iter:36	accuracy=0.783918
[04-28-2018 17:16:59]	[Eval:test] Iter:36	accuracy=0.781135
[04-28-2018 17:19:29]	[Train:train] Iter:37	loss=0.412145
[04-28-2018 17:19:59]	[Eval:valid] Iter:37	accuracy=0.793225
[04-28-2018 17:22:27]	[Eval:test] Iter:37	accuracy=0.790433
[04-28-2018 17:24:56]	[Train:train] Iter:38	loss=0.418555
[04-28-2018 17:25:26]	[Eval:valid] Iter:38	accuracy=0.783034
[04-28-2018 17:27:55]	[Eval:test] Iter:38	accuracy=0.780999
[04-28-2018 17:30:25]	[Train:train] Iter:39	loss=0.412430
[04-28-2018 17:30:56]	[Eval:valid] Iter:39	accuracy=0.793960
[04-28-2018 17:33:25]	[Eval:test] Iter:39	accuracy=0.791566
[04-28-2018 17:35:55]	[Train:train] Iter:40	loss=0.401055
[04-28-2018 17:36:25]	[Eval:valid] Iter:40	accuracy=0.773237
[04-28-2018 17:38:55]	[Eval:test] Iter:40	accuracy=0.770047
[04-28-2018 17:41:23]	[Train:train] Iter:41	loss=0.427669
[04-28-2018 17:41:54]	[Eval:valid] Iter:41	accuracy=0.795645
[04-28-2018 17:44:22]	[Eval:test] Iter:41	accuracy=0.791247
[04-28-2018 17:46:52]	[Train:train] Iter:42	loss=0.415794
[04-28-2018 17:47:23]	[Eval:valid] Iter:42	accuracy=0.793151
[04-28-2018 17:49:53]	[Eval:test] Iter:42	accuracy=0.789026
[04-28-2018 17:52:23]	[Train:train] Iter:43	loss=0.407655
[04-28-2018 17:52:54]	[Eval:valid] Iter:43	accuracy=0.778061
[04-28-2018 17:55:24]	[Eval:test] Iter:43	accuracy=0.772690
[04-28-2018 17:57:52]	[Train:train] Iter:44	loss=0.440989
[04-28-2018 17:58:22]	[Eval:valid] Iter:44	accuracy=0.799212
[04-28-2018 18:00:50]	[Eval:test] Iter:44	accuracy=0.796321
[04-28-2018 18:03:21]	[Train:train] Iter:45	loss=0.406665
[04-28-2018 18:03:51]	[Eval:valid] Iter:45	accuracy=0.792854
[04-28-2018 18:06:20]	[Eval:test] Iter:45	accuracy=0.791620
[04-28-2018 18:08:47]	[Train:train] Iter:46	loss=0.391897
[04-28-2018 18:09:17]	[Eval:valid] Iter:46	accuracy=0.795893
[04-28-2018 18:11:46]	[Eval:test] Iter:46	accuracy=0.791827
[04-28-2018 18:14:17]	[Train:train] Iter:47	loss=0.458856
[04-28-2018 18:14:48]	[Eval:valid] Iter:47	accuracy=0.801711
[04-28-2018 18:17:16]	[Eval:test] Iter:47	accuracy=0.796102
[04-28-2018 18:19:44]	[Train:train] Iter:48	loss=0.411733
[04-28-2018 18:20:15]	[Eval:valid] Iter:48	accuracy=0.796070
[04-28-2018 18:22:46]	[Eval:test] Iter:48	accuracy=0.790148
[04-28-2018 18:25:15]	[Train:train] Iter:49	loss=0.399381
[04-28-2018 18:25:45]	[Eval:valid] Iter:49	accuracy=0.803215
[04-28-2018 18:28:16]	[Eval:test] Iter:49	accuracy=0.799763
[04-28-2018 18:30:44]	[Train:train] Iter:50	loss=0.392990
[04-28-2018 18:31:15]	[Eval:valid] Iter:50	accuracy=0.804038
[04-28-2018 18:33:43]	[Eval:test] Iter:50	accuracy=0.799588
[04-28-2018 18:36:12]	[Train:train] Iter:51	loss=0.408372
[04-28-2018 18:36:42]	[Eval:valid] Iter:51	accuracy=0.804128
[04-28-2018 18:39:11]	[Eval:test] Iter:51	accuracy=0.801247
[04-28-2018 18:41:38]	[Train:train] Iter:52	loss=0.405879
[04-28-2018 18:42:09]	[Eval:valid] Iter:52	accuracy=0.801799
[04-28-2018 18:44:37]	[Eval:test] Iter:52	accuracy=0.799576
[04-28-2018 18:47:05]	[Train:train] Iter:53	loss=0.403219
[04-28-2018 18:47:35]	[Eval:valid] Iter:53	accuracy=0.801709
[04-28-2018 18:50:04]	[Eval:test] Iter:53	accuracy=0.798307
[04-28-2018 18:52:32]	[Train:train] Iter:54	loss=0.440674
[04-28-2018 18:53:02]	[Eval:valid] Iter:54	accuracy=0.800988
[04-28-2018 18:55:31]	[Eval:test] Iter:54	accuracy=0.798313
[04-28-2018 18:58:00]	[Train:train] Iter:55	loss=0.404464
[04-28-2018 18:58:30]	[Eval:valid] Iter:55	accuracy=0.802651
[04-28-2018 19:01:00]	[Eval:test] Iter:55	accuracy=0.798651
[04-28-2018 19:03:29]	[Train:train] Iter:56	loss=0.404655
[04-28-2018 19:03:59]	[Eval:valid] Iter:56	accuracy=0.805407
[04-28-2018 19:06:27]	[Eval:test] Iter:56	accuracy=0.802361
[04-28-2018 19:08:55]	[Train:train] Iter:57	loss=0.398407
[04-28-2018 19:09:25]	[Eval:valid] Iter:57	accuracy=0.803950
[04-28-2018 19:11:54]	[Eval:test] Iter:57	accuracy=0.801420
[04-28-2018 19:14:22]	[Train:train] Iter:58	loss=0.406666
[04-28-2018 19:14:52]	[Eval:valid] Iter:58	accuracy=0.808827
[04-28-2018 19:17:21]	[Eval:test] Iter:58	accuracy=0.806146
[04-28-2018 19:19:50]	[Train:train] Iter:59	loss=0.400843
[04-28-2018 19:20:20]	[Eval:valid] Iter:59	accuracy=0.790179
[04-28-2018 19:22:48]	[Eval:test] Iter:59	accuracy=0.786019
[04-28-2018 19:25:17]	[Train:train] Iter:60	loss=0.410571
[04-28-2018 19:25:47]	[Eval:valid] Iter:60	accuracy=0.808214
[04-28-2018 19:28:16]	[Eval:test] Iter:60	accuracy=0.805406
[04-28-2018 19:30:44]	[Train:train] Iter:61	loss=0.371333
[04-28-2018 19:31:14]	[Eval:valid] Iter:61	accuracy=0.807128
[04-28-2018 19:33:44]	[Eval:test] Iter:61	accuracy=0.804212
[04-28-2018 19:36:12]	[Train:train] Iter:62	loss=0.397298
[04-28-2018 19:36:42]	[Eval:valid] Iter:62	accuracy=0.785340
[04-28-2018 19:39:11]	[Eval:test] Iter:62	accuracy=0.782738
[04-28-2018 19:41:40]	[Train:train] Iter:63	loss=0.400202
[04-28-2018 19:42:11]	[Eval:valid] Iter:63	accuracy=0.804707
[04-28-2018 19:44:40]	[Eval:test] Iter:63	accuracy=0.801471
[04-28-2018 19:47:09]	[Train:train] Iter:64	loss=0.417145
[04-28-2018 19:47:40]	[Eval:valid] Iter:64	accuracy=0.768484
[04-28-2018 19:50:08]	[Eval:test] Iter:64	accuracy=0.762456
[04-28-2018 19:52:37]	[Train:train] Iter:65	loss=0.384008
[04-28-2018 19:53:08]	[Eval:valid] Iter:65	accuracy=0.802559
[04-28-2018 19:55:37]	[Eval:test] Iter:65	accuracy=0.798426
[04-28-2018 19:58:05]	[Train:train] Iter:66	loss=0.370494
[04-28-2018 19:58:36]	[Eval:valid] Iter:66	accuracy=0.807977
[04-28-2018 20:01:04]	[Eval:test] Iter:66	accuracy=0.807178
[04-28-2018 20:03:32]	[Train:train] Iter:67	loss=0.356846
[04-28-2018 20:04:02]	[Eval:valid] Iter:67	accuracy=0.809043
[04-28-2018 20:06:30]	[Eval:test] Iter:67	accuracy=0.804710
[04-28-2018 20:08:59]	[Train:train] Iter:68	loss=0.373603
[04-28-2018 20:09:29]	[Eval:valid] Iter:68	accuracy=0.810740
[04-28-2018 20:11:57]	[Eval:test] Iter:68	accuracy=0.808407
[04-28-2018 20:14:26]	[Train:train] Iter:69	loss=0.388354
[04-28-2018 20:14:56]	[Eval:valid] Iter:69	accuracy=0.809432
[04-28-2018 20:17:28]	[Eval:test] Iter:69	accuracy=0.807403
[04-28-2018 20:19:58]	[Train:train] Iter:70	loss=0.357933
[04-28-2018 20:20:28]	[Eval:valid] Iter:70	accuracy=0.810783
[04-28-2018 20:22:58]	[Eval:test] Iter:70	accuracy=0.809679
[04-28-2018 20:25:26]	[Train:train] Iter:71	loss=0.369702
[04-28-2018 20:25:56]	[Eval:valid] Iter:71	accuracy=0.810884
[04-28-2018 20:28:25]	[Eval:test] Iter:71	accuracy=0.809706
[04-28-2018 20:30:53]	[Train:train] Iter:72	loss=0.378498
[04-28-2018 20:31:24]	[Eval:valid] Iter:72	accuracy=0.811313
[04-28-2018 20:33:53]	[Eval:test] Iter:72	accuracy=0.805952
[04-28-2018 20:36:20]	[Train:train] Iter:73	loss=0.359008
[04-28-2018 20:36:51]	[Eval:valid] Iter:73	accuracy=0.803291
[04-28-2018 20:39:20]	[Eval:test] Iter:73	accuracy=0.801384
[04-28-2018 20:41:49]	[Train:train] Iter:74	loss=0.354705
[04-28-2018 20:42:19]	[Eval:valid] Iter:74	accuracy=0.812398
[04-28-2018 20:44:48]	[Eval:test] Iter:74	accuracy=0.809222
[04-28-2018 20:47:16]	[Train:train] Iter:75	loss=0.348027
[04-28-2018 20:47:46]	[Eval:valid] Iter:75	accuracy=0.813873
[04-28-2018 20:50:17]	[Eval:test] Iter:75	accuracy=0.812875
[04-28-2018 20:52:46]	[Train:train] Iter:76	loss=0.374438
[04-28-2018 20:53:17]	[Eval:valid] Iter:76	accuracy=0.813037
[04-28-2018 20:55:45]	[Eval:test] Iter:76	accuracy=0.809685
[04-28-2018 20:58:13]	[Train:train] Iter:77	loss=0.347409
[04-28-2018 20:58:43]	[Eval:valid] Iter:77	accuracy=0.805166
[04-28-2018 21:01:11]	[Eval:test] Iter:77	accuracy=0.800927
[04-28-2018 21:03:40]	[Train:train] Iter:78	loss=0.378900
[04-28-2018 21:04:11]	[Eval:valid] Iter:78	accuracy=0.813509
[04-28-2018 21:06:39]	[Eval:test] Iter:78	accuracy=0.811952
[04-28-2018 21:09:08]	[Train:train] Iter:79	loss=0.373272
[04-28-2018 21:09:39]	[Eval:valid] Iter:79	accuracy=0.813005
[04-28-2018 21:12:07]	[Eval:test] Iter:79	accuracy=0.810746
[04-28-2018 21:14:35]	[Train:train] Iter:80	loss=0.347331
[04-28-2018 21:15:05]	[Eval:valid] Iter:80	accuracy=0.811439
[04-28-2018 21:17:35]	[Eval:test] Iter:80	accuracy=0.811532
[04-28-2018 21:20:04]	[Train:train] Iter:81	loss=0.335265
[04-28-2018 21:20:35]	[Eval:valid] Iter:81	accuracy=0.813455
[04-28-2018 21:23:05]	[Eval:test] Iter:81	accuracy=0.812351
[04-28-2018 21:25:34]	[Train:train] Iter:82	loss=0.341903
[04-28-2018 21:26:04]	[Eval:valid] Iter:82	accuracy=0.807825
[04-28-2018 21:28:35]	[Eval:test] Iter:82	accuracy=0.808505
[04-28-2018 21:31:02]	[Train:train] Iter:83	loss=0.344578
[04-28-2018 21:31:33]	[Eval:valid] Iter:83	accuracy=0.807144
[04-28-2018 21:34:01]	[Eval:test] Iter:83	accuracy=0.802683
[04-28-2018 21:36:32]	[Train:train] Iter:84	loss=0.330181
[04-28-2018 21:37:03]	[Eval:valid] Iter:84	accuracy=0.810511
[04-28-2018 21:39:33]	[Eval:test] Iter:84	accuracy=0.806618
[04-28-2018 21:42:03]	[Train:train] Iter:85	loss=0.362827
[04-28-2018 21:42:34]	[Eval:valid] Iter:85	accuracy=0.816249
[04-28-2018 21:45:02]	[Eval:test] Iter:85	accuracy=0.815893
[04-28-2018 21:47:30]	[Train:train] Iter:86	loss=0.340866
[04-28-2018 21:48:01]	[Eval:valid] Iter:86	accuracy=0.812419
[04-28-2018 21:50:28]	[Eval:test] Iter:86	accuracy=0.812245
[04-28-2018 21:52:56]	[Train:train] Iter:87	loss=0.342881
[04-28-2018 21:53:27]	[Eval:valid] Iter:87	accuracy=0.815655
[04-28-2018 21:55:55]	[Eval:test] Iter:87	accuracy=0.813495
[04-28-2018 21:58:24]	[Train:train] Iter:88	loss=0.352745
[04-28-2018 21:58:54]	[Eval:valid] Iter:88	accuracy=0.812686
[04-28-2018 22:01:22]	[Eval:test] Iter:88	accuracy=0.813365
[04-28-2018 22:03:54]	[Train:train] Iter:89	loss=0.362308
[04-28-2018 22:04:24]	[Eval:valid] Iter:89	accuracy=0.814423
[04-28-2018 22:06:52]	[Eval:test] Iter:89	accuracy=0.813655
[04-28-2018 22:09:21]	[Train:train] Iter:90	loss=0.326456
[04-28-2018 22:09:52]	[Eval:valid] Iter:90	accuracy=0.809506
[04-28-2018 22:12:23]	[Eval:test] Iter:90	accuracy=0.809644
[04-28-2018 22:14:51]	[Train:train] Iter:91	loss=0.340120
[04-28-2018 22:15:22]	[Eval:valid] Iter:91	accuracy=0.813745
[04-28-2018 22:17:50]	[Eval:test] Iter:91	accuracy=0.814145
[04-28-2018 22:20:19]	[Train:train] Iter:92	loss=0.348426
[04-28-2018 22:20:49]	[Eval:valid] Iter:92	accuracy=0.785958
[04-28-2018 22:23:18]	[Eval:test] Iter:92	accuracy=0.788181
[04-28-2018 22:25:47]	[Train:train] Iter:93	loss=0.366600
[04-28-2018 22:26:17]	[Eval:valid] Iter:93	accuracy=0.814525
[04-28-2018 22:28:45]	[Eval:test] Iter:93	accuracy=0.813839
[04-28-2018 22:31:12]	[Train:train] Iter:94	loss=0.355305
[04-28-2018 22:31:42]	[Eval:valid] Iter:94	accuracy=0.787916
[04-28-2018 22:34:13]	[Eval:test] Iter:94	accuracy=0.785663
[04-28-2018 22:36:41]	[Train:train] Iter:95	loss=0.385806
[04-28-2018 22:37:12]	[Eval:valid] Iter:95	accuracy=0.810319
[04-28-2018 22:39:42]	[Eval:test] Iter:95	accuracy=0.808946
[04-28-2018 22:42:11]	[Train:train] Iter:96	loss=0.341765
[04-28-2018 22:42:41]	[Eval:valid] Iter:96	accuracy=0.809576
[04-28-2018 22:45:11]	[Eval:test] Iter:96	accuracy=0.807947
[04-28-2018 22:47:41]	[Train:train] Iter:97	loss=0.340670
[04-28-2018 22:48:11]	[Eval:valid] Iter:97	accuracy=0.817588
[04-28-2018 22:50:41]	[Eval:test] Iter:97	accuracy=0.817353
[04-28-2018 22:53:09]	[Train:train] Iter:98	loss=0.357771
[04-28-2018 22:53:40]	[Eval:valid] Iter:98	accuracy=0.820559
[04-28-2018 22:56:08]	[Eval:test] Iter:98	accuracy=0.818882
[04-28-2018 22:58:37]	[Train:train] Iter:99	loss=0.327429
[04-28-2018 22:59:07]	[Eval:valid] Iter:99	accuracy=0.816552
[04-28-2018 23:01:36]	[Eval:test] Iter:99	accuracy=0.815376
[04-28-2018 23:04:06]	[Train:train] Iter:100	loss=0.356627
[04-28-2018 23:04:36]	[Eval:valid] Iter:100	accuracy=0.815482
[04-28-2018 23:07:06]	[Eval:test] Iter:100	accuracy=0.813685
[04-28-2018 23:09:36]	[Train:train] Iter:101	loss=0.322243
[04-28-2018 23:10:06]	[Eval:valid] Iter:101	accuracy=0.819516
[04-28-2018 23:12:35]	[Eval:test] Iter:101	accuracy=0.818833
[04-28-2018 23:15:05]	[Train:train] Iter:102	loss=0.360315
[04-28-2018 23:15:35]	[Eval:valid] Iter:102	accuracy=0.822267
[04-28-2018 23:18:04]	[Eval:test] Iter:102	accuracy=0.819628
[04-28-2018 23:20:34]	[Train:train] Iter:103	loss=0.326139
[04-28-2018 23:21:04]	[Eval:valid] Iter:103	accuracy=0.804606
[04-28-2018 23:23:33]	[Eval:test] Iter:103	accuracy=0.805235
[04-28-2018 23:26:01]	[Train:train] Iter:104	loss=0.339844
[04-28-2018 23:26:31]	[Eval:valid] Iter:104	accuracy=0.819849
[04-28-2018 23:29:01]	[Eval:test] Iter:104	accuracy=0.819601
[04-28-2018 23:31:28]	[Train:train] Iter:105	loss=0.331874
[04-28-2018 23:31:59]	[Eval:valid] Iter:105	accuracy=0.818548
[04-28-2018 23:34:27]	[Eval:test] Iter:105	accuracy=0.818612
[04-28-2018 23:36:56]	[Train:train] Iter:106	loss=0.309621
[04-28-2018 23:37:26]	[Eval:valid] Iter:106	accuracy=0.822607
[04-28-2018 23:39:55]	[Eval:test] Iter:106	accuracy=0.820676
[04-28-2018 23:42:26]	[Train:train] Iter:107	loss=0.313560
[04-28-2018 23:42:57]	[Eval:valid] Iter:107	accuracy=0.819910
[04-28-2018 23:45:23]	[Eval:test] Iter:107	accuracy=0.818009
[04-28-2018 23:47:52]	[Train:train] Iter:108	loss=0.348532
[04-28-2018 23:48:23]	[Eval:valid] Iter:108	accuracy=0.815830
[04-28-2018 23:50:53]	[Eval:test] Iter:108	accuracy=0.814352
[04-28-2018 23:53:22]	[Train:train] Iter:109	loss=0.326616
[04-28-2018 23:53:53]	[Eval:valid] Iter:109	accuracy=0.814172
[04-28-2018 23:56:22]	[Eval:test] Iter:109	accuracy=0.812835
[04-28-2018 23:58:50]	[Train:train] Iter:110	loss=0.296028
[04-28-2018 23:59:20]	[Eval:valid] Iter:110	accuracy=0.797043
[04-29-2018 00:01:50]	[Eval:test] Iter:110	accuracy=0.797499
[04-29-2018 00:04:18]	[Train:train] Iter:111	loss=0.327996
[04-29-2018 00:04:48]	[Eval:valid] Iter:111	accuracy=0.823371
[04-29-2018 00:07:17]	[Eval:test] Iter:111	accuracy=0.820368
[04-29-2018 00:09:50]	[Train:train] Iter:112	loss=0.321012
[04-29-2018 00:10:20]	[Eval:valid] Iter:112	accuracy=0.823346
[04-29-2018 00:12:49]	[Eval:test] Iter:112	accuracy=0.819381
[04-29-2018 00:15:19]	[Train:train] Iter:113	loss=0.317710
[04-29-2018 00:15:49]	[Eval:valid] Iter:113	accuracy=0.824095
[04-29-2018 00:18:18]	[Eval:test] Iter:113	accuracy=0.820465
[04-29-2018 00:20:47]	[Train:train] Iter:114	loss=0.312856
[04-29-2018 00:21:17]	[Eval:valid] Iter:114	accuracy=0.825041
[04-29-2018 00:23:46]	[Eval:test] Iter:114	accuracy=0.823785
[04-29-2018 00:26:16]	[Train:train] Iter:115	loss=0.301166
[04-29-2018 00:26:46]	[Eval:valid] Iter:115	accuracy=0.827758
[04-29-2018 00:29:15]	[Eval:test] Iter:115	accuracy=0.822496
[04-29-2018 00:31:43]	[Train:train] Iter:116	loss=0.325602
[04-29-2018 00:32:14]	[Eval:valid] Iter:116	accuracy=0.795358
[04-29-2018 00:34:44]	[Eval:test] Iter:116	accuracy=0.793997
[04-29-2018 00:37:13]	[Train:train] Iter:117	loss=0.325619
[04-29-2018 00:37:44]	[Eval:valid] Iter:117	accuracy=0.822249
[04-29-2018 00:40:11]	[Eval:test] Iter:117	accuracy=0.819284
[04-29-2018 00:42:41]	[Train:train] Iter:118	loss=0.328806
[04-29-2018 00:43:11]	[Eval:valid] Iter:118	accuracy=0.825533
[04-29-2018 00:45:40]	[Eval:test] Iter:118	accuracy=0.821804
[04-29-2018 00:48:08]	[Train:train] Iter:119	loss=0.310166
[04-29-2018 00:48:38]	[Eval:valid] Iter:119	accuracy=0.826522
[04-29-2018 00:51:05]	[Eval:test] Iter:119	accuracy=0.823513
[04-29-2018 00:53:34]	[Train:train] Iter:120	loss=0.310013
[04-29-2018 00:54:04]	[Eval:valid] Iter:120	accuracy=0.821530
[04-29-2018 00:56:34]	[Eval:test] Iter:120	accuracy=0.819917
[04-29-2018 00:59:03]	[Train:train] Iter:121	loss=0.299379
[04-29-2018 00:59:33]	[Eval:valid] Iter:121	accuracy=0.823958
[04-29-2018 01:02:01]	[Eval:test] Iter:121	accuracy=0.823367
[04-29-2018 01:04:30]	[Train:train] Iter:122	loss=0.321753
[04-29-2018 01:05:00]	[Eval:valid] Iter:122	accuracy=0.823688
[04-29-2018 01:07:28]	[Eval:test] Iter:122	accuracy=0.820885
[04-29-2018 01:09:57]	[Train:train] Iter:123	loss=0.325249
[04-29-2018 01:10:28]	[Eval:valid] Iter:123	accuracy=0.810906
[04-29-2018 01:12:56]	[Eval:test] Iter:123	accuracy=0.811031
[04-29-2018 01:15:27]	[Train:train] Iter:124	loss=0.311800
[04-29-2018 01:15:57]	[Eval:valid] Iter:124	accuracy=0.827807
[04-29-2018 01:18:28]	[Eval:test] Iter:124	accuracy=0.823215
[04-29-2018 01:20:57]	[Train:train] Iter:125	loss=0.284849
[04-29-2018 01:21:27]	[Eval:valid] Iter:125	accuracy=0.827679
[04-29-2018 01:23:56]	[Eval:test] Iter:125	accuracy=0.825069
[04-29-2018 01:26:27]	[Train:train] Iter:126	loss=0.310679
[04-29-2018 01:26:57]	[Eval:valid] Iter:126	accuracy=0.797875
[04-29-2018 01:29:25]	[Eval:test] Iter:126	accuracy=0.799580
[04-29-2018 01:31:54]	[Train:train] Iter:127	loss=0.290917
[04-29-2018 01:32:25]	[Eval:valid] Iter:127	accuracy=0.816266
[04-29-2018 01:34:52]	[Eval:test] Iter:127	accuracy=0.813139
[04-29-2018 01:37:19]	[Train:train] Iter:128	loss=0.296296
[04-29-2018 01:37:50]	[Eval:valid] Iter:128	accuracy=0.827610
[04-29-2018 01:40:19]	[Eval:test] Iter:128	accuracy=0.823679
[04-29-2018 01:42:47]	[Train:train] Iter:129	loss=0.300760
[04-29-2018 01:43:17]	[Eval:valid] Iter:129	accuracy=0.831440
[04-29-2018 01:45:47]	[Eval:test] Iter:129	accuracy=0.827022
[04-29-2018 01:48:15]	[Train:train] Iter:130	loss=0.291346
[04-29-2018 01:48:45]	[Eval:valid] Iter:130	accuracy=0.827803
[04-29-2018 01:51:15]	[Eval:test] Iter:130	accuracy=0.825630
[04-29-2018 01:53:45]	[Train:train] Iter:131	loss=0.298543
[04-29-2018 01:54:15]	[Eval:valid] Iter:131	accuracy=0.825398
[04-29-2018 01:56:44]	[Eval:test] Iter:131	accuracy=0.824443
[04-29-2018 01:59:14]	[Train:train] Iter:132	loss=0.293071
[04-29-2018 01:59:44]	[Eval:valid] Iter:132	accuracy=0.828655
[04-29-2018 02:02:14]	[Eval:test] Iter:132	accuracy=0.825942
[04-29-2018 02:04:43]	[Train:train] Iter:133	loss=0.297079
[04-29-2018 02:05:13]	[Eval:valid] Iter:133	accuracy=0.826302
[04-29-2018 02:07:40]	[Eval:test] Iter:133	accuracy=0.824099
[04-29-2018 02:10:09]	[Train:train] Iter:134	loss=0.289946
[04-29-2018 02:10:39]	[Eval:valid] Iter:134	accuracy=0.830203
[04-29-2018 02:13:07]	[Eval:test] Iter:134	accuracy=0.829017
[04-29-2018 02:15:36]	[Train:train] Iter:135	loss=0.300384
[04-29-2018 02:16:07]	[Eval:valid] Iter:135	accuracy=0.831957
[04-29-2018 02:18:36]	[Eval:test] Iter:135	accuracy=0.829418
[04-29-2018 02:21:04]	[Train:train] Iter:136	loss=0.320157
[04-29-2018 02:21:34]	[Eval:valid] Iter:136	accuracy=0.829603
[04-29-2018 02:24:03]	[Eval:test] Iter:136	accuracy=0.828155
[04-29-2018 02:26:33]	[Train:train] Iter:137	loss=0.304435
[04-29-2018 02:27:03]	[Eval:valid] Iter:137	accuracy=0.830001
[04-29-2018 02:29:32]	[Eval:test] Iter:137	accuracy=0.828277
[04-29-2018 02:32:01]	[Train:train] Iter:138	loss=0.281423
[04-29-2018 02:32:31]	[Eval:valid] Iter:138	accuracy=0.826448
[04-29-2018 02:35:01]	[Eval:test] Iter:138	accuracy=0.825782
[04-29-2018 02:37:30]	[Train:train] Iter:139	loss=0.282204
[04-29-2018 02:38:00]	[Eval:valid] Iter:139	accuracy=0.826167
[04-29-2018 02:40:28]	[Eval:test] Iter:139	accuracy=0.824392
[04-29-2018 02:42:58]	[Train:train] Iter:140	loss=0.302836
[04-29-2018 02:43:28]	[Eval:valid] Iter:140	accuracy=0.818179
[04-29-2018 02:45:57]	[Eval:test] Iter:140	accuracy=0.816274
[04-29-2018 02:48:25]	[Train:train] Iter:141	loss=0.314696
[04-29-2018 02:48:55]	[Eval:valid] Iter:141	accuracy=0.818136
[04-29-2018 02:51:25]	[Eval:test] Iter:141	accuracy=0.815735
[04-29-2018 02:53:53]	[Train:train] Iter:142	loss=0.307452
[04-29-2018 02:54:23]	[Eval:valid] Iter:142	accuracy=0.826965
[04-29-2018 02:56:53]	[Eval:test] Iter:142	accuracy=0.827488
[04-29-2018 02:59:20]	[Train:train] Iter:143	loss=0.282465
[04-29-2018 02:59:50]	[Eval:valid] Iter:143	accuracy=0.825326
[04-29-2018 03:02:18]	[Eval:test] Iter:143	accuracy=0.826048
[04-29-2018 03:04:48]	[Train:train] Iter:144	loss=0.279288
[04-29-2018 03:05:19]	[Eval:valid] Iter:144	accuracy=0.826163
[04-29-2018 03:07:47]	[Eval:test] Iter:144	accuracy=0.827115
[04-29-2018 03:10:18]	[Train:train] Iter:145	loss=0.277087
[04-29-2018 03:10:48]	[Eval:valid] Iter:145	accuracy=0.824137
[04-29-2018 03:13:16]	[Eval:test] Iter:145	accuracy=0.825350
[04-29-2018 03:15:45]	[Train:train] Iter:146	loss=0.268948
[04-29-2018 03:16:15]	[Eval:valid] Iter:146	accuracy=0.832085
[04-29-2018 03:18:44]	[Eval:test] Iter:146	accuracy=0.830472
[04-29-2018 03:21:14]	[Train:train] Iter:147	loss=0.256593
[04-29-2018 03:21:44]	[Eval:valid] Iter:147	accuracy=0.828003
[04-29-2018 03:24:13]	[Eval:test] Iter:147	accuracy=0.828830
[04-29-2018 03:26:42]	[Train:train] Iter:148	loss=0.291306
[04-29-2018 03:27:12]	[Eval:valid] Iter:148	accuracy=0.827075
[04-29-2018 03:29:40]	[Eval:test] Iter:148	accuracy=0.825261
[04-29-2018 03:32:08]	[Train:train] Iter:149	loss=0.290676
[04-29-2018 03:32:38]	[Eval:valid] Iter:149	accuracy=0.824072
[04-29-2018 03:35:08]	[Eval:test] Iter:149	accuracy=0.824676
[04-29-2018 03:37:35]	[Train:train] Iter:150	loss=0.280582
[04-29-2018 03:38:06]	[Eval:valid] Iter:150	accuracy=0.829531
[04-29-2018 03:40:33]	[Eval:test] Iter:150	accuracy=0.828817
[04-29-2018 03:43:00]	[Train:train] Iter:151	loss=0.286812
[04-29-2018 03:43:31]	[Eval:valid] Iter:151	accuracy=0.829260
[04-29-2018 03:46:00]	[Eval:test] Iter:151	accuracy=0.829810
[04-29-2018 03:48:31]	[Train:train] Iter:152	loss=0.282308
[04-29-2018 03:49:01]	[Eval:valid] Iter:152	accuracy=0.831446
[04-29-2018 03:51:29]	[Eval:test] Iter:152	accuracy=0.830835
[04-29-2018 03:53:58]	[Train:train] Iter:153	loss=0.277847
[04-29-2018 03:54:28]	[Eval:valid] Iter:153	accuracy=0.833397
[04-29-2018 03:56:57]	[Eval:test] Iter:153	accuracy=0.832688
[04-29-2018 03:59:26]	[Train:train] Iter:154	loss=0.263201
[04-29-2018 03:59:57]	[Eval:valid] Iter:154	accuracy=0.832357
[04-29-2018 04:02:24]	[Eval:test] Iter:154	accuracy=0.829740
[04-29-2018 04:04:53]	[Train:train] Iter:155	loss=0.291313
[04-29-2018 04:05:24]	[Eval:valid] Iter:155	accuracy=0.833244
[04-29-2018 04:07:53]	[Eval:test] Iter:155	accuracy=0.831122
[04-29-2018 04:10:22]	[Train:train] Iter:156	loss=0.273296
[04-29-2018 04:10:52]	[Eval:valid] Iter:156	accuracy=0.825020
[04-29-2018 04:13:21]	[Eval:test] Iter:156	accuracy=0.824241
[04-29-2018 04:15:50]	[Train:train] Iter:157	loss=0.257145
[04-29-2018 04:16:20]	[Eval:valid] Iter:157	accuracy=0.832628
[04-29-2018 04:18:49]	[Eval:test] Iter:157	accuracy=0.831639
[04-29-2018 04:21:17]	[Train:train] Iter:158	loss=0.318378
[04-29-2018 04:21:48]	[Eval:valid] Iter:158	accuracy=0.821067
[04-29-2018 04:24:15]	[Eval:test] Iter:158	accuracy=0.820928
[04-29-2018 04:26:43]	[Train:train] Iter:159	loss=0.270052
[04-29-2018 04:27:13]	[Eval:valid] Iter:159	accuracy=0.831312
[04-29-2018 04:29:42]	[Eval:test] Iter:159	accuracy=0.831472
[04-29-2018 04:32:11]	[Train:train] Iter:160	loss=0.392664
[04-29-2018 04:32:42]	[Eval:valid] Iter:160	accuracy=0.787143
[04-29-2018 04:35:11]	[Eval:test] Iter:160	accuracy=0.787900
[04-29-2018 04:37:40]	[Train:train] Iter:161	loss=0.311516
[04-29-2018 04:38:10]	[Eval:valid] Iter:161	accuracy=0.800053
[04-29-2018 04:40:39]	[Eval:test] Iter:161	accuracy=0.802199
[04-29-2018 04:43:08]	[Train:train] Iter:162	loss=0.278559
[04-29-2018 04:43:39]	[Eval:valid] Iter:162	accuracy=0.829608
[04-29-2018 04:46:10]	[Eval:test] Iter:162	accuracy=0.829107
[04-29-2018 04:48:40]	[Train:train] Iter:163	loss=0.291486
[04-29-2018 04:49:10]	[Eval:valid] Iter:163	accuracy=0.830350
[04-29-2018 04:51:41]	[Eval:test] Iter:163	accuracy=0.831280
[04-29-2018 04:54:11]	[Train:train] Iter:164	loss=0.288287
[04-29-2018 04:54:41]	[Eval:valid] Iter:164	accuracy=0.831565
[04-29-2018 04:57:10]	[Eval:test] Iter:164	accuracy=0.830465
[04-29-2018 04:59:39]	[Train:train] Iter:165	loss=0.255977
[04-29-2018 05:00:09]	[Eval:valid] Iter:165	accuracy=0.832058
[04-29-2018 05:02:40]	[Eval:test] Iter:165	accuracy=0.829673
[04-29-2018 05:05:12]	[Train:train] Iter:166	loss=0.276652
[04-29-2018 05:05:42]	[Eval:valid] Iter:166	accuracy=0.828324
[04-29-2018 05:08:13]	[Eval:test] Iter:166	accuracy=0.829492
[04-29-2018 05:10:43]	[Train:train] Iter:167	loss=0.340094
[04-29-2018 05:11:13]	[Eval:valid] Iter:167	accuracy=0.811825
[04-29-2018 05:13:42]	[Eval:test] Iter:167	accuracy=0.813734
[04-29-2018 05:16:11]	[Train:train] Iter:168	loss=0.273779
[04-29-2018 05:16:41]	[Eval:valid] Iter:168	accuracy=0.825090
[04-29-2018 05:19:09]	[Eval:test] Iter:168	accuracy=0.826923
[04-29-2018 05:21:37]	[Train:train] Iter:169	loss=0.283841
[04-29-2018 05:22:08]	[Eval:valid] Iter:169	accuracy=0.829810
[04-29-2018 05:24:38]	[Eval:test] Iter:169	accuracy=0.830535
[04-29-2018 05:27:06]	[Train:train] Iter:170	loss=0.279330
[04-29-2018 05:27:36]	[Eval:valid] Iter:170	accuracy=0.826821
[04-29-2018 05:30:04]	[Eval:test] Iter:170	accuracy=0.829647
[04-29-2018 05:32:32]	[Train:train] Iter:171	loss=0.262640
[04-29-2018 05:33:02]	[Eval:valid] Iter:171	accuracy=0.824881
[04-29-2018 05:35:31]	[Eval:test] Iter:171	accuracy=0.825837
[04-29-2018 05:38:01]	[Train:train] Iter:172	loss=0.262074
[04-29-2018 05:38:31]	[Eval:valid] Iter:172	accuracy=0.816271
[04-29-2018 05:41:01]	[Eval:test] Iter:172	accuracy=0.819249
[04-29-2018 05:43:29]	[Train:train] Iter:173	loss=0.248323
[04-29-2018 05:44:00]	[Eval:valid] Iter:173	accuracy=0.831642
[04-29-2018 05:46:28]	[Eval:test] Iter:173	accuracy=0.833998
[04-29-2018 05:48:59]	[Train:train] Iter:174	loss=0.257150
[04-29-2018 05:49:29]	[Eval:valid] Iter:174	accuracy=0.833737
[04-29-2018 05:52:00]	[Eval:test] Iter:174	accuracy=0.831299
[04-29-2018 05:54:31]	[Train:train] Iter:175	loss=0.258437
[04-29-2018 05:55:02]	[Eval:valid] Iter:175	accuracy=0.830230
[04-29-2018 05:57:30]	[Eval:test] Iter:175	accuracy=0.830168
[04-29-2018 06:00:01]	[Train:train] Iter:176	loss=0.278051
[04-29-2018 06:00:31]	[Eval:valid] Iter:176	accuracy=0.831817
[04-29-2018 06:03:03]	[Eval:test] Iter:176	accuracy=0.831450
[04-29-2018 06:05:33]	[Train:train] Iter:177	loss=0.234079
[04-29-2018 06:06:03]	[Eval:valid] Iter:177	accuracy=0.834294
[04-29-2018 06:08:33]	[Eval:test] Iter:177	accuracy=0.833945
[04-29-2018 06:11:02]	[Train:train] Iter:178	loss=0.252633
[04-29-2018 06:11:32]	[Eval:valid] Iter:178	accuracy=0.833716
[04-29-2018 06:14:03]	[Eval:test] Iter:178	accuracy=0.833747
[04-29-2018 06:16:34]	[Train:train] Iter:179	loss=0.246552
[04-29-2018 06:17:04]	[Eval:valid] Iter:179	accuracy=0.828383
[04-29-2018 06:19:33]	[Eval:test] Iter:179	accuracy=0.828899
[04-29-2018 06:22:02]	[Train:train] Iter:180	loss=0.243255
[04-29-2018 06:22:32]	[Eval:valid] Iter:180	accuracy=0.832341
[04-29-2018 06:25:00]	[Eval:test] Iter:180	accuracy=0.833479
[04-29-2018 06:27:29]	[Train:train] Iter:181	loss=0.268634
[04-29-2018 06:28:00]	[Eval:valid] Iter:181	accuracy=0.834067
[04-29-2018 06:30:29]	[Eval:test] Iter:181	accuracy=0.834021
[04-29-2018 06:32:59]	[Train:train] Iter:182	loss=0.274898
[04-29-2018 06:33:29]	[Eval:valid] Iter:182	accuracy=0.834878
[04-29-2018 06:35:58]	[Eval:test] Iter:182	accuracy=0.834466
[04-29-2018 06:38:27]	[Train:train] Iter:183	loss=0.232810
[04-29-2018 06:38:58]	[Eval:valid] Iter:183	accuracy=0.835323
[04-29-2018 06:41:29]	[Eval:test] Iter:183	accuracy=0.836495
[04-29-2018 06:43:57]	[Train:train] Iter:184	loss=0.246433
[04-29-2018 06:44:28]	[Eval:valid] Iter:184	accuracy=0.836555
[04-29-2018 06:46:57]	[Eval:test] Iter:184	accuracy=0.836174
[04-29-2018 06:49:26]	[Train:train] Iter:185	loss=0.256406
[04-29-2018 06:49:57]	[Eval:valid] Iter:185	accuracy=0.831010
[04-29-2018 06:52:30]	[Eval:test] Iter:185	accuracy=0.832068
[04-29-2018 06:55:01]	[Train:train] Iter:186	loss=0.259917
[04-29-2018 06:55:34]	[Eval:valid] Iter:186	accuracy=0.828823
[04-29-2018 06:58:05]	[Eval:test] Iter:186	accuracy=0.829173
[04-29-2018 07:00:35]	[Train:train] Iter:187	loss=0.254158
[04-29-2018 07:01:06]	[Eval:valid] Iter:187	accuracy=0.833516
[04-29-2018 07:03:37]	[Eval:test] Iter:187	accuracy=0.833774
[04-29-2018 07:06:06]	[Train:train] Iter:188	loss=0.239803
[04-29-2018 07:06:37]	[Eval:valid] Iter:188	accuracy=0.835054
[04-29-2018 07:09:08]	[Eval:test] Iter:188	accuracy=0.836178
[04-29-2018 07:11:38]	[Train:train] Iter:189	loss=0.235206
[04-29-2018 07:12:08]	[Eval:valid] Iter:189	accuracy=0.836265
[04-29-2018 07:14:37]	[Eval:test] Iter:189	accuracy=0.837680
[04-29-2018 07:17:09]	[Train:train] Iter:190	loss=0.224359
[04-29-2018 07:17:40]	[Eval:valid] Iter:190	accuracy=0.835919
[04-29-2018 07:20:09]	[Eval:test] Iter:190	accuracy=0.836349
[04-29-2018 07:22:39]	[Train:train] Iter:191	loss=0.226942
[04-29-2018 07:23:09]	[Eval:valid] Iter:191	accuracy=0.830208
[04-29-2018 07:25:39]	[Eval:test] Iter:191	accuracy=0.832768
[04-29-2018 07:28:08]	[Train:train] Iter:192	loss=0.227363
[04-29-2018 07:28:38]	[Eval:valid] Iter:192	accuracy=0.822935
[04-29-2018 07:31:07]	[Eval:test] Iter:192	accuracy=0.823133
[04-29-2018 07:33:38]	[Train:train] Iter:193	loss=0.239123
[04-29-2018 07:34:10]	[Eval:valid] Iter:193	accuracy=0.825329
[04-29-2018 07:36:43]	[Eval:test] Iter:193	accuracy=0.826724
[04-29-2018 07:39:15]	[Train:train] Iter:194	loss=0.264479
[04-29-2018 07:39:48]	[Eval:valid] Iter:194	accuracy=0.824488
[04-29-2018 07:42:18]	[Eval:test] Iter:194	accuracy=0.823899
[04-29-2018 07:44:49]	[Train:train] Iter:195	loss=0.246226
[04-29-2018 07:45:21]	[Eval:valid] Iter:195	accuracy=0.835986
[04-29-2018 07:47:54]	[Eval:test] Iter:195	accuracy=0.836172
[04-29-2018 07:50:23]	[Train:train] Iter:196	loss=0.236583
[04-29-2018 07:50:54]	[Eval:valid] Iter:196	accuracy=0.832080
[04-29-2018 07:53:23]	[Eval:test] Iter:196	accuracy=0.833236
[04-29-2018 07:55:52]	[Train:train] Iter:197	loss=0.255719
[04-29-2018 07:56:23]	[Eval:valid] Iter:197	accuracy=0.833669
[04-29-2018 07:58:51]	[Eval:test] Iter:197	accuracy=0.834954
[04-29-2018 08:01:21]	[Train:train] Iter:198	loss=0.228544
[04-29-2018 08:01:51]	[Eval:valid] Iter:198	accuracy=0.830350
[04-29-2018 08:04:24]	[Eval:test] Iter:198	accuracy=0.832402
[04-29-2018 08:06:56]	[Train:train] Iter:199	loss=0.226407
[04-29-2018 08:07:27]	[Eval:valid] Iter:199	accuracy=0.833844
[04-29-2018 08:09:57]	[Eval:test] Iter:199	accuracy=0.836188
[04-29-2018 08:12:28]	[Train:train] Iter:200	loss=0.225477
[04-29-2018 08:12:58]	[Eval:valid] Iter:200	accuracy=0.834044
[04-29-2018 08:15:29]	[Eval:test] Iter:200	accuracy=0.836411
[04-29-2018 08:18:00]	[Train:train] Iter:201	loss=0.239129
[04-29-2018 08:18:30]	[Eval:valid] Iter:201	accuracy=0.835456
[04-29-2018 08:21:01]	[Eval:test] Iter:201	accuracy=0.837948
[04-29-2018 08:23:32]	[Train:train] Iter:202	loss=0.205419
[04-29-2018 08:24:02]	[Eval:valid] Iter:202	accuracy=0.826843
[04-29-2018 08:26:34]	[Eval:test] Iter:202	accuracy=0.828905
[04-29-2018 08:29:02]	[Train:train] Iter:203	loss=0.236014
[04-29-2018 08:29:33]	[Eval:valid] Iter:203	accuracy=0.836523
[04-29-2018 08:32:03]	[Eval:test] Iter:203	accuracy=0.837081
[04-29-2018 08:34:32]	[Train:train] Iter:204	loss=0.214152
[04-29-2018 08:35:03]	[Eval:valid] Iter:204	accuracy=0.835573
[04-29-2018 08:37:34]	[Eval:test] Iter:204	accuracy=0.837634
[04-29-2018 08:40:04]	[Train:train] Iter:205	loss=0.227786
[04-29-2018 08:40:35]	[Eval:valid] Iter:205	accuracy=0.837800
[04-29-2018 08:43:06]	[Eval:test] Iter:205	accuracy=0.837896
[04-29-2018 08:45:35]	[Train:train] Iter:206	loss=0.222349
[04-29-2018 08:46:06]	[Eval:valid] Iter:206	accuracy=0.827850
[04-29-2018 08:48:37]	[Eval:test] Iter:206	accuracy=0.828073
[04-29-2018 08:51:07]	[Train:train] Iter:207	loss=0.214321
[04-29-2018 08:51:38]	[Eval:valid] Iter:207	accuracy=0.835672
[04-29-2018 08:54:08]	[Eval:test] Iter:207	accuracy=0.837902
[04-29-2018 08:56:40]	[Train:train] Iter:208	loss=0.215162
[04-29-2018 08:57:10]	[Eval:valid] Iter:208	accuracy=0.835555
[04-29-2018 08:59:41]	[Eval:test] Iter:208	accuracy=0.836986
[04-29-2018 09:02:12]	[Train:train] Iter:209	loss=0.197278
[04-29-2018 09:02:43]	[Eval:valid] Iter:209	accuracy=0.817981
[04-29-2018 09:05:13]	[Eval:test] Iter:209	accuracy=0.819408
[04-29-2018 09:07:42]	[Train:train] Iter:210	loss=0.227994
[04-29-2018 09:08:13]	[Eval:valid] Iter:210	accuracy=0.838056
[04-29-2018 09:10:44]	[Eval:test] Iter:210	accuracy=0.838743
[04-29-2018 09:13:15]	[Train:train] Iter:211	loss=0.246688
[04-29-2018 09:13:46]	[Eval:valid] Iter:211	accuracy=0.835206
[04-29-2018 09:16:16]	[Eval:test] Iter:211	accuracy=0.835770
[04-29-2018 09:18:46]	[Train:train] Iter:212	loss=0.230394
[04-29-2018 09:19:17]	[Eval:valid] Iter:212	accuracy=0.835382
[04-29-2018 09:21:48]	[Eval:test] Iter:212	accuracy=0.835027
[04-29-2018 09:24:18]	[Train:train] Iter:213	loss=0.237988
[04-29-2018 09:24:48]	[Eval:valid] Iter:213	accuracy=0.837510
[04-29-2018 09:27:19]	[Eval:test] Iter:213	accuracy=0.838319
[04-29-2018 09:29:48]	[Train:train] Iter:214	loss=0.202502
[04-29-2018 09:30:18]	[Eval:valid] Iter:214	accuracy=0.837258
[04-29-2018 09:32:49]	[Eval:test] Iter:214	accuracy=0.838760
[04-29-2018 09:35:22]	[Train:train] Iter:215	loss=0.257495
[04-29-2018 09:35:52]	[Eval:valid] Iter:215	accuracy=0.822984
[04-29-2018 09:38:23]	[Eval:test] Iter:215	accuracy=0.826044
[04-29-2018 09:40:53]	[Train:train] Iter:216	loss=0.214902
[04-29-2018 09:41:24]	[Eval:valid] Iter:216	accuracy=0.832093
[04-29-2018 09:43:55]	[Eval:test] Iter:216	accuracy=0.834956
[04-29-2018 09:46:26]	[Train:train] Iter:217	loss=0.222180
[04-29-2018 09:46:58]	[Eval:valid] Iter:217	accuracy=0.829041
[04-29-2018 09:49:28]	[Eval:test] Iter:217	accuracy=0.831491
[04-29-2018 09:51:58]	[Train:train] Iter:218	loss=0.214450
[04-29-2018 09:52:28]	[Eval:valid] Iter:218	accuracy=0.837038
[04-29-2018 09:54:59]	[Eval:test] Iter:218	accuracy=0.837754
[04-29-2018 09:57:29]	[Train:train] Iter:219	loss=0.218240
[04-29-2018 09:58:00]	[Eval:valid] Iter:219	accuracy=0.837110
[04-29-2018 10:00:31]	[Eval:test] Iter:219	accuracy=0.838416
[04-29-2018 10:03:01]	[Train:train] Iter:220	loss=0.220477
[04-29-2018 10:03:31]	[Eval:valid] Iter:220	accuracy=0.833997
[04-29-2018 10:06:02]	[Eval:test] Iter:220	accuracy=0.837556
[04-29-2018 10:08:32]	[Train:train] Iter:221	loss=0.227078
[04-29-2018 10:09:03]	[Eval:valid] Iter:221	accuracy=0.833125
[04-29-2018 10:11:32]	[Eval:test] Iter:221	accuracy=0.834319
[04-29-2018 10:14:03]	[Train:train] Iter:222	loss=0.242761
[04-29-2018 10:14:34]	[Eval:valid] Iter:222	accuracy=0.823277
[04-29-2018 10:17:07]	[Eval:test] Iter:222	accuracy=0.824262
[04-29-2018 10:19:36]	[Train:train] Iter:223	loss=0.230254
[04-29-2018 10:20:06]	[Eval:valid] Iter:223	accuracy=0.837852
[04-29-2018 10:22:35]	[Eval:test] Iter:223	accuracy=0.840097
[04-29-2018 10:25:06]	[Train:train] Iter:224	loss=0.216065
[04-29-2018 10:25:36]	[Eval:valid] Iter:224	accuracy=0.822661
[04-29-2018 10:28:07]	[Eval:test] Iter:224	accuracy=0.822448
[04-29-2018 10:30:38]	[Train:train] Iter:225	loss=0.198929
[04-29-2018 10:31:08]	[Eval:valid] Iter:225	accuracy=0.836786
[04-29-2018 10:33:38]	[Eval:test] Iter:225	accuracy=0.837350
[04-29-2018 10:36:08]	[Train:train] Iter:226	loss=0.210680
[04-29-2018 10:36:39]	[Eval:valid] Iter:226	accuracy=0.831815
[04-29-2018 10:39:08]	[Eval:test] Iter:226	accuracy=0.833965
[04-29-2018 10:41:37]	[Train:train] Iter:227	loss=0.205943
[04-29-2018 10:42:08]	[Eval:valid] Iter:227	accuracy=0.838056
[04-29-2018 10:44:38]	[Eval:test] Iter:227	accuracy=0.839798
[04-29-2018 10:47:08]	[Train:train] Iter:228	loss=0.193214
[04-29-2018 10:47:38]	[Eval:valid] Iter:228	accuracy=0.821984
[04-29-2018 10:50:07]	[Eval:test] Iter:228	accuracy=0.822783
[04-29-2018 10:52:36]	[Train:train] Iter:229	loss=0.208139
[04-29-2018 10:53:06]	[Eval:valid] Iter:229	accuracy=0.836816
[04-29-2018 10:55:34]	[Eval:test] Iter:229	accuracy=0.839386
[04-29-2018 10:58:05]	[Train:train] Iter:230	loss=0.200301
[04-29-2018 10:58:36]	[Eval:valid] Iter:230	accuracy=0.838742
[04-29-2018 11:01:06]	[Eval:test] Iter:230	accuracy=0.840226
[04-29-2018 11:03:40]	[Train:train] Iter:231	loss=0.191257
[04-29-2018 11:04:12]	[Eval:valid] Iter:231	accuracy=0.838785
[04-29-2018 11:06:52]	[Eval:test] Iter:231	accuracy=0.839406
[04-29-2018 11:09:30]	[Train:train] Iter:232	loss=0.198516
[04-29-2018 11:10:02]	[Eval:valid] Iter:232	accuracy=0.840288
[04-29-2018 11:12:43]	[Eval:test] Iter:232	accuracy=0.839306
[04-29-2018 11:15:21]	[Train:train] Iter:233	loss=0.217246
[04-29-2018 11:15:54]	[Eval:valid] Iter:233	accuracy=0.842347
[04-29-2018 11:18:34]	[Eval:test] Iter:233	accuracy=0.840494
[04-29-2018 11:21:13]	[Train:train] Iter:234	loss=0.233477
[04-29-2018 11:21:45]	[Eval:valid] Iter:234	accuracy=0.841873
[04-29-2018 11:24:22]	[Eval:test] Iter:234	accuracy=0.839165
[04-29-2018 11:27:01]	[Train:train] Iter:235	loss=0.228122
[04-29-2018 11:27:34]	[Eval:valid] Iter:235	accuracy=0.837250
[04-29-2018 11:30:13]	[Eval:test] Iter:235	accuracy=0.837756
[04-29-2018 11:32:51]	[Train:train] Iter:236	loss=0.212173
[04-29-2018 11:33:23]	[Eval:valid] Iter:236	accuracy=0.837431
[04-29-2018 11:36:03]	[Eval:test] Iter:236	accuracy=0.836495
[04-29-2018 11:38:43]	[Train:train] Iter:237	loss=0.207161
[04-29-2018 11:39:15]	[Eval:valid] Iter:237	accuracy=0.837510
[04-29-2018 11:41:53]	[Eval:test] Iter:237	accuracy=0.837482
[04-29-2018 11:44:32]	[Train:train] Iter:238	loss=0.205467
[04-29-2018 11:45:03]	[Eval:valid] Iter:238	accuracy=0.839706
[04-29-2018 11:47:43]	[Eval:test] Iter:238	accuracy=0.838695
[04-29-2018 11:50:22]	[Train:train] Iter:239	loss=0.199441
[04-29-2018 11:50:54]	[Eval:valid] Iter:239	accuracy=0.836656
[04-29-2018 11:53:32]	[Eval:test] Iter:239	accuracy=0.836909
[04-29-2018 11:56:11]	[Train:train] Iter:240	loss=0.188669
[04-29-2018 11:56:43]	[Eval:valid] Iter:240	accuracy=0.829579
[04-29-2018 11:59:24]	[Eval:test] Iter:240	accuracy=0.828842
[04-29-2018 12:02:02]	[Train:train] Iter:241	loss=0.205103
[04-29-2018 12:02:34]	[Eval:valid] Iter:241	accuracy=0.831633
[04-29-2018 12:05:13]	[Eval:test] Iter:241	accuracy=0.833611
[04-29-2018 12:07:52]	[Train:train] Iter:242	loss=0.188238
[04-29-2018 12:08:24]	[Eval:valid] Iter:242	accuracy=0.807780
[04-29-2018 12:11:02]	[Eval:test] Iter:242	accuracy=0.808084
[04-29-2018 12:13:39]	[Train:train] Iter:243	loss=0.200352
[04-29-2018 12:14:10]	[Eval:valid] Iter:243	accuracy=0.838223
[04-29-2018 12:16:38]	[Eval:test] Iter:243	accuracy=0.840612
[04-29-2018 12:19:07]	[Train:train] Iter:244	loss=0.209844
[04-29-2018 12:19:37]	[Eval:valid] Iter:244	accuracy=0.826091
[04-29-2018 12:22:06]	[Eval:test] Iter:244	accuracy=0.826450
[04-29-2018 12:24:36]	[Train:train] Iter:245	loss=0.186042
[04-29-2018 12:25:08]	[Eval:valid] Iter:245	accuracy=0.838569
[04-29-2018 12:27:46]	[Eval:test] Iter:245	accuracy=0.840523
[04-29-2018 12:30:17]	[Train:train] Iter:246	loss=0.203998
[04-29-2018 12:30:47]	[Eval:valid] Iter:246	accuracy=0.831561
[04-29-2018 12:33:18]	[Eval:test] Iter:246	accuracy=0.832208
[04-29-2018 12:35:49]	[Train:train] Iter:247	loss=0.223116
[04-29-2018 12:36:20]	[Eval:valid] Iter:247	accuracy=0.836126
[04-29-2018 12:38:51]	[Eval:test] Iter:247	accuracy=0.837849
[04-29-2018 12:41:21]	[Train:train] Iter:248	loss=0.193240
[04-29-2018 12:41:51]	[Eval:valid] Iter:248	accuracy=0.836173
[04-29-2018 12:44:22]	[Eval:test] Iter:248	accuracy=0.838170
[04-29-2018 12:46:53]	[Train:train] Iter:249	loss=0.207900
[04-29-2018 12:47:23]	[Eval:valid] Iter:249	accuracy=0.841066
[04-29-2018 12:49:54]	[Eval:test] Iter:249	accuracy=0.841213
[04-29-2018 12:52:22]	[Train:train] Iter:250	loss=0.202656
[04-29-2018 12:52:53]	[Eval:valid] Iter:250	accuracy=0.839166
[04-29-2018 12:55:22]	[Eval:test] Iter:250	accuracy=0.839699
[04-29-2018 12:57:51]	[Train:train] Iter:251	loss=0.204479
[04-29-2018 12:58:23]	[Eval:valid] Iter:251	accuracy=0.841167
[04-29-2018 13:00:55]	[Eval:test] Iter:251	accuracy=0.840846
[04-29-2018 13:03:26]	[Train:train] Iter:252	loss=0.186999
[04-29-2018 13:03:57]	[Eval:valid] Iter:252	accuracy=0.836422
[04-29-2018 13:06:27]	[Eval:test] Iter:252	accuracy=0.836073
[04-29-2018 13:08:56]	[Train:train] Iter:253	loss=0.191539
[04-29-2018 13:09:26]	[Eval:valid] Iter:253	accuracy=0.836393
[04-29-2018 13:11:56]	[Eval:test] Iter:253	accuracy=0.836219
[04-29-2018 13:14:26]	[Train:train] Iter:254	loss=0.210065
[04-29-2018 13:14:56]	[Eval:valid] Iter:254	accuracy=0.839261
[04-29-2018 13:17:25]	[Eval:test] Iter:254	accuracy=0.839433
[04-29-2018 13:19:56]	[Train:train] Iter:255	loss=0.192529
[04-29-2018 13:20:27]	[Eval:valid] Iter:255	accuracy=0.832530
[04-29-2018 13:22:58]	[Eval:test] Iter:255	accuracy=0.832954
[04-29-2018 13:25:28]	[Train:train] Iter:256	loss=0.200685
[04-29-2018 13:25:58]	[Eval:valid] Iter:256	accuracy=0.840371
[04-29-2018 13:28:28]	[Eval:test] Iter:256	accuracy=0.840420
[04-29-2018 13:30:58]	[Train:train] Iter:257	loss=0.215985
[04-29-2018 13:31:29]	[Eval:valid] Iter:257	accuracy=0.839899
[04-29-2018 13:33:58]	[Eval:test] Iter:257	accuracy=0.840447
[04-29-2018 13:36:26]	[Train:train] Iter:258	loss=0.169793
[04-29-2018 13:36:57]	[Eval:valid] Iter:258	accuracy=0.837701
[04-29-2018 13:39:26]	[Eval:test] Iter:258	accuracy=0.838689
[04-29-2018 13:41:54]	[Train:train] Iter:259	loss=0.176148
[04-29-2018 13:42:25]	[Eval:valid] Iter:259	accuracy=0.841131
[04-29-2018 13:44:55]	[Eval:test] Iter:259	accuracy=0.841531
[04-29-2018 13:47:24]	[Train:train] Iter:260	loss=0.195734
[04-29-2018 13:47:54]	[Eval:valid] Iter:260	accuracy=0.834809
[04-29-2018 13:50:23]	[Eval:test] Iter:260	accuracy=0.835745
[04-29-2018 13:52:52]	[Train:train] Iter:261	loss=0.200487
[04-29-2018 13:53:22]	[Eval:valid] Iter:261	accuracy=0.839978
[04-29-2018 13:55:52]	[Eval:test] Iter:261	accuracy=0.842227
[04-29-2018 13:58:21]	[Train:train] Iter:262	loss=0.199082
[04-29-2018 13:58:52]	[Eval:valid] Iter:262	accuracy=0.837254
[04-29-2018 14:01:22]	[Eval:test] Iter:262	accuracy=0.838335
[04-29-2018 14:03:49]	[Train:train] Iter:263	loss=0.199112
[04-29-2018 14:04:20]	[Eval:valid] Iter:263	accuracy=0.838814
[04-29-2018 14:06:49]	[Eval:test] Iter:263	accuracy=0.839777
[04-29-2018 14:09:19]	[Train:train] Iter:264	loss=0.181588
[04-29-2018 14:09:49]	[Eval:valid] Iter:264	accuracy=0.832817
[04-29-2018 14:12:19]	[Eval:test] Iter:264	accuracy=0.832792
[04-29-2018 14:14:48]	[Train:train] Iter:265	loss=0.199697
[04-29-2018 14:15:18]	[Eval:valid] Iter:265	accuracy=0.841149
[04-29-2018 14:17:47]	[Eval:test] Iter:265	accuracy=0.843613
[04-29-2018 14:20:17]	[Train:train] Iter:266	loss=0.185803
[04-29-2018 14:20:47]	[Eval:valid] Iter:266	accuracy=0.826902
[04-29-2018 14:23:16]	[Eval:test] Iter:266	accuracy=0.826598
[04-29-2018 14:25:46]	[Train:train] Iter:267	loss=0.182512
[04-29-2018 14:26:17]	[Eval:valid] Iter:267	accuracy=0.840890
[04-29-2018 14:28:46]	[Eval:test] Iter:267	accuracy=0.840745
[04-29-2018 14:31:15]	[Train:train] Iter:268	loss=0.185077
[04-29-2018 14:31:46]	[Eval:valid] Iter:268	accuracy=0.841538
[04-29-2018 14:34:16]	[Eval:test] Iter:268	accuracy=0.841831
[04-29-2018 14:36:46]	[Train:train] Iter:269	loss=0.171847
[04-29-2018 14:37:16]	[Eval:valid] Iter:269	accuracy=0.839333
[04-29-2018 14:39:49]	[Eval:test] Iter:269	accuracy=0.840544
[04-29-2018 14:42:27]	[Train:train] Iter:270	loss=0.180887
[04-29-2018 14:42:58]	[Eval:valid] Iter:270	accuracy=0.841144
[04-29-2018 14:45:27]	[Eval:test] Iter:270	accuracy=0.840915
[04-29-2018 14:47:56]	[Train:train] Iter:271	loss=0.187600
[04-29-2018 14:48:27]	[Eval:valid] Iter:271	accuracy=0.841985
[04-29-2018 14:50:56]	[Eval:test] Iter:271	accuracy=0.842796
[04-29-2018 14:53:33]	[Train:train] Iter:272	loss=0.183520
[04-29-2018 14:54:04]	[Eval:valid] Iter:272	accuracy=0.839890
[04-29-2018 14:56:35]	[Eval:test] Iter:272	accuracy=0.840490
[04-29-2018 14:59:05]	[Train:train] Iter:273	loss=0.185636
[04-29-2018 14:59:36]	[Eval:valid] Iter:273	accuracy=0.840610
[04-29-2018 15:02:05]	[Eval:test] Iter:273	accuracy=0.842653
[04-29-2018 15:04:35]	[Train:train] Iter:274	loss=0.166273
[04-29-2018 15:05:05]	[Eval:valid] Iter:274	accuracy=0.837818
[04-29-2018 15:07:35]	[Eval:test] Iter:274	accuracy=0.840428
[04-29-2018 15:10:04]	[Train:train] Iter:275	loss=0.189638
[04-29-2018 15:10:35]	[Eval:valid] Iter:275	accuracy=0.841113
[04-29-2018 15:13:08]	[Eval:test] Iter:275	accuracy=0.843640
[04-29-2018 15:15:38]	[Train:train] Iter:276	loss=0.178625
[04-29-2018 15:16:09]	[Eval:valid] Iter:276	accuracy=0.842956
[04-29-2018 15:18:38]	[Eval:test] Iter:276	accuracy=0.844576
[04-29-2018 15:21:08]	[Train:train] Iter:277	loss=0.174367
[04-29-2018 15:21:40]	[Eval:valid] Iter:277	accuracy=0.839839
[04-29-2018 15:24:10]	[Eval:test] Iter:277	accuracy=0.842000
[04-29-2018 15:26:39]	[Train:train] Iter:278	loss=0.207672
[04-29-2018 15:27:10]	[Eval:valid] Iter:278	accuracy=0.840506
[04-29-2018 15:29:41]	[Eval:test] Iter:278	accuracy=0.841801
[04-29-2018 15:32:12]	[Train:train] Iter:279	loss=0.174766
[04-29-2018 15:32:43]	[Eval:valid] Iter:279	accuracy=0.827026
[04-29-2018 15:35:13]	[Eval:test] Iter:279	accuracy=0.827602
[04-29-2018 15:37:41]	[Train:train] Iter:280	loss=0.184974
[04-29-2018 15:38:12]	[Eval:valid] Iter:280	accuracy=0.838526
[04-29-2018 15:40:44]	[Eval:test] Iter:280	accuracy=0.837206
[04-29-2018 15:43:13]	[Train:train] Iter:281	loss=0.198147
[04-29-2018 15:43:43]	[Eval:valid] Iter:281	accuracy=0.840693
[04-29-2018 15:46:11]	[Eval:test] Iter:281	accuracy=0.842794
[04-29-2018 15:48:42]	[Train:train] Iter:282	loss=0.182633
[04-29-2018 15:49:13]	[Eval:valid] Iter:282	accuracy=0.842118
[04-29-2018 15:51:46]	[Eval:test] Iter:282	accuracy=0.842790
[04-29-2018 15:54:17]	[Train:train] Iter:283	loss=0.166246
[04-29-2018 15:54:48]	[Eval:valid] Iter:283	accuracy=0.843882
[04-29-2018 15:57:17]	[Eval:test] Iter:283	accuracy=0.843754
[04-29-2018 15:59:47]	[Train:train] Iter:284	loss=0.184021
[04-29-2018 16:00:18]	[Eval:valid] Iter:284	accuracy=0.842311
[04-29-2018 16:02:48]	[Eval:test] Iter:284	accuracy=0.843795
[04-29-2018 16:05:17]	[Train:train] Iter:285	loss=0.186892
[04-29-2018 16:05:48]	[Eval:valid] Iter:285	accuracy=0.839459
[04-29-2018 16:08:19]	[Eval:test] Iter:285	accuracy=0.840283
[04-29-2018 16:10:50]	[Train:train] Iter:286	loss=0.193835
[04-29-2018 16:11:21]	[Eval:valid] Iter:286	accuracy=0.844044
[04-29-2018 16:13:51]	[Eval:test] Iter:286	accuracy=0.843954
[04-29-2018 16:16:21]	[Train:train] Iter:287	loss=0.216943
[04-29-2018 16:16:51]	[Eval:valid] Iter:287	accuracy=0.835764
[04-29-2018 16:19:22]	[Eval:test] Iter:287	accuracy=0.836722
[04-29-2018 16:21:50]	[Train:train] Iter:288	loss=0.199862
[04-29-2018 16:22:21]	[Eval:valid] Iter:288	accuracy=0.836822
[04-29-2018 16:24:50]	[Eval:test] Iter:288	accuracy=0.837461
[04-29-2018 16:27:20]	[Train:train] Iter:289	loss=0.178956
[04-29-2018 16:27:50]	[Eval:valid] Iter:289	accuracy=0.838566
[04-29-2018 16:30:21]	[Eval:test] Iter:289	accuracy=0.839551
[04-29-2018 16:32:51]	[Train:train] Iter:290	loss=0.165955
[04-29-2018 16:33:21]	[Eval:valid] Iter:290	accuracy=0.831907
[04-29-2018 16:35:53]	[Eval:test] Iter:290	accuracy=0.832276
[04-29-2018 16:38:23]	[Train:train] Iter:291	loss=0.172592
[04-29-2018 16:38:53]	[Eval:valid] Iter:291	accuracy=0.842990
[04-29-2018 16:41:22]	[Eval:test] Iter:291	accuracy=0.842431
[04-29-2018 16:43:52]	[Train:train] Iter:292	loss=0.191321
[04-29-2018 16:44:22]	[Eval:valid] Iter:292	accuracy=0.833988
[04-29-2018 16:46:54]	[Eval:test] Iter:292	accuracy=0.833916
[04-29-2018 16:49:25]	[Train:train] Iter:293	loss=0.164591
[04-29-2018 16:49:56]	[Eval:valid] Iter:293	accuracy=0.844970
[04-29-2018 16:52:25]	[Eval:test] Iter:293	accuracy=0.845146
[04-29-2018 16:54:54]	[Train:train] Iter:294	loss=0.180030
[04-29-2018 16:55:25]	[Eval:valid] Iter:294	accuracy=0.841088
[04-29-2018 16:57:55]	[Eval:test] Iter:294	accuracy=0.843450
[04-29-2018 17:00:24]	[Train:train] Iter:295	loss=0.187314
[04-29-2018 17:00:55]	[Eval:valid] Iter:295	accuracy=0.842590
[04-29-2018 17:03:26]	[Eval:test] Iter:295	accuracy=0.842073
[04-29-2018 17:05:58]	[Train:train] Iter:296	loss=0.176469
[04-29-2018 17:06:28]	[Eval:valid] Iter:296	accuracy=0.840920
[04-29-2018 17:08:59]	[Eval:test] Iter:296	accuracy=0.842385
[04-29-2018 17:11:28]	[Train:train] Iter:297	loss=0.174187
[04-29-2018 17:11:59]	[Eval:valid] Iter:297	accuracy=0.837200
[04-29-2018 17:14:29]	[Eval:test] Iter:297	accuracy=0.838961
[04-29-2018 17:17:00]	[Train:train] Iter:298	loss=0.166030
[04-29-2018 17:17:30]	[Eval:valid] Iter:298	accuracy=0.843113
[04-29-2018 17:19:58]	[Eval:test] Iter:298	accuracy=0.843883
[04-29-2018 17:22:28]	[Train:train] Iter:299	loss=0.146804
[04-29-2018 17:22:58]	[Eval:valid] Iter:299	accuracy=0.843799
[04-29-2018 17:25:28]	[Eval:test] Iter:299	accuracy=0.844452
[04-29-2018 17:27:58]	[Train:train] Iter:300	loss=0.177345
[04-29-2018 17:28:28]	[Eval:valid] Iter:300	accuracy=0.838409
[04-29-2018 17:30:57]	[Eval:test] Iter:300	accuracy=0.838790
[04-29-2018 17:33:28]	[Train:train] Iter:301	loss=0.189353
[04-29-2018 17:33:58]	[Eval:valid] Iter:301	accuracy=0.840387
[04-29-2018 17:36:28]	[Eval:test] Iter:301	accuracy=0.840669
[04-29-2018 17:38:57]	[Train:train] Iter:302	loss=0.166857
[04-29-2018 17:39:28]	[Eval:valid] Iter:302	accuracy=0.843082
[04-29-2018 17:42:00]	[Eval:test] Iter:302	accuracy=0.844448
[04-29-2018 17:44:31]	[Train:train] Iter:303	loss=0.163632
[04-29-2018 17:45:02]	[Eval:valid] Iter:303	accuracy=0.840122
[04-29-2018 17:47:34]	[Eval:test] Iter:303	accuracy=0.842548
[04-29-2018 17:50:04]	[Train:train] Iter:304	loss=0.172410
[04-29-2018 17:50:34]	[Eval:valid] Iter:304	accuracy=0.840443
[04-29-2018 17:53:05]	[Eval:test] Iter:304	accuracy=0.841285
[04-29-2018 17:55:35]	[Train:train] Iter:305	loss=0.172418
[04-29-2018 17:56:06]	[Eval:valid] Iter:305	accuracy=0.843057
[04-29-2018 17:58:35]	[Eval:test] Iter:305	accuracy=0.845019
[04-29-2018 18:01:06]	[Train:train] Iter:306	loss=0.150284
[04-29-2018 18:01:36]	[Eval:valid] Iter:306	accuracy=0.841506
[04-29-2018 18:04:08]	[Eval:test] Iter:306	accuracy=0.843754
[04-29-2018 18:06:38]	[Train:train] Iter:307	loss=0.151842
[04-29-2018 18:07:09]	[Eval:valid] Iter:307	accuracy=0.842958
[04-29-2018 18:09:40]	[Eval:test] Iter:307	accuracy=0.846704
[04-29-2018 18:12:11]	[Train:train] Iter:308	loss=0.158989
[04-29-2018 18:12:42]	[Eval:valid] Iter:308	accuracy=0.841652
[04-29-2018 18:15:14]	[Eval:test] Iter:308	accuracy=0.844545
[04-29-2018 18:17:45]	[Train:train] Iter:309	loss=0.174056
[04-29-2018 18:18:15]	[Eval:valid] Iter:309	accuracy=0.843179
[04-29-2018 18:20:44]	[Eval:test] Iter:309	accuracy=0.844944
[04-29-2018 18:23:15]	[Train:train] Iter:310	loss=0.159295
[04-29-2018 18:23:46]	[Eval:valid] Iter:310	accuracy=0.842421
[04-29-2018 18:26:16]	[Eval:test] Iter:310	accuracy=0.844899
[04-29-2018 18:28:47]	[Train:train] Iter:311	loss=0.141930
[04-29-2018 18:29:17]	[Eval:valid] Iter:311	accuracy=0.838128
[04-29-2018 18:31:47]	[Eval:test] Iter:311	accuracy=0.837713
[04-29-2018 18:34:16]	[Train:train] Iter:312	loss=0.152662
[04-29-2018 18:34:47]	[Eval:valid] Iter:312	accuracy=0.843662
[04-29-2018 18:37:15]	[Eval:test] Iter:312	accuracy=0.844864
[04-29-2018 18:39:46]	[Train:train] Iter:313	loss=0.154748
[04-29-2018 18:40:16]	[Eval:valid] Iter:313	accuracy=0.839841
[04-29-2018 18:42:46]	[Eval:test] Iter:313	accuracy=0.840511
[04-29-2018 18:45:16]	[Train:train] Iter:314	loss=0.155542
[04-29-2018 18:45:47]	[Eval:valid] Iter:314	accuracy=0.845738
[04-29-2018 18:48:16]	[Eval:test] Iter:314	accuracy=0.844838
[04-29-2018 18:50:48]	[Train:train] Iter:315	loss=0.155539
[04-29-2018 18:51:19]	[Eval:valid] Iter:315	accuracy=0.844648
[04-29-2018 18:53:47]	[Eval:test] Iter:315	accuracy=0.845212
[04-29-2018 18:56:18]	[Train:train] Iter:316	loss=0.172215
[04-29-2018 18:56:48]	[Eval:valid] Iter:316	accuracy=0.831963
[04-29-2018 18:59:18]	[Eval:test] Iter:316	accuracy=0.830365
[04-29-2018 19:01:47]	[Train:train] Iter:317	loss=0.161900
[04-29-2018 19:02:17]	[Eval:valid] Iter:317	accuracy=0.841383
[04-29-2018 19:04:46]	[Eval:test] Iter:317	accuracy=0.840832
[04-29-2018 19:07:18]	[Train:train] Iter:318	loss=0.157202
[04-29-2018 19:07:48]	[Eval:valid] Iter:318	accuracy=0.841974
[04-29-2018 19:10:17]	[Eval:test] Iter:318	accuracy=0.844205
[04-29-2018 19:12:48]	[Train:train] Iter:319	loss=0.169269
[04-29-2018 19:13:18]	[Eval:valid] Iter:319	accuracy=0.843489
[04-29-2018 19:15:46]	[Eval:test] Iter:319	accuracy=0.845709
[04-29-2018 19:18:15]	[Train:train] Iter:320	loss=0.163598
[04-29-2018 19:18:45]	[Eval:valid] Iter:320	accuracy=0.842796
[04-29-2018 19:21:15]	[Eval:test] Iter:320	accuracy=0.845391
[04-29-2018 19:23:44]	[Train:train] Iter:321	loss=0.144708
[04-29-2018 19:24:15]	[Eval:valid] Iter:321	accuracy=0.836094
[04-29-2018 19:26:45]	[Eval:test] Iter:321	accuracy=0.836774
[04-29-2018 19:29:15]	[Train:train] Iter:322	loss=0.151138
[04-29-2018 19:29:46]	[Eval:valid] Iter:322	accuracy=0.843761
[04-29-2018 19:32:16]	[Eval:test] Iter:322	accuracy=0.846279
[04-29-2018 19:34:47]	[Train:train] Iter:323	loss=0.157212
[04-29-2018 19:35:18]	[Eval:valid] Iter:323	accuracy=0.844900
[04-29-2018 19:37:47]	[Eval:test] Iter:323	accuracy=0.845907
[04-29-2018 19:40:19]	[Train:train] Iter:324	loss=0.155507
[04-29-2018 19:40:49]	[Eval:valid] Iter:324	accuracy=0.845289
[04-29-2018 19:43:19]	[Eval:test] Iter:324	accuracy=0.846432
[04-29-2018 19:45:51]	[Train:train] Iter:325	loss=0.147828
[04-29-2018 19:46:23]	[Eval:valid] Iter:325	accuracy=0.844302
[04-29-2018 19:48:54]	[Eval:test] Iter:325	accuracy=0.845464
[04-29-2018 19:51:22]	[Train:train] Iter:326	loss=0.160372
[04-29-2018 19:51:52]	[Eval:valid] Iter:326	accuracy=0.835229
[04-29-2018 19:54:42]	[Eval:test] Iter:326	accuracy=0.837307
[04-29-2018 19:57:15]	[Train:train] Iter:327	loss=0.162829
[04-29-2018 19:57:54]	[Eval:valid] Iter:327	accuracy=0.842799
[04-29-2018 20:00:23]	[Eval:test] Iter:327	accuracy=0.845045
[04-29-2018 20:02:55]	[Train:train] Iter:328	loss=0.153083
[04-29-2018 20:03:25]	[Eval:valid] Iter:328	accuracy=0.842230
[04-29-2018 20:06:00]	[Eval:test] Iter:328	accuracy=0.842645
[04-29-2018 20:08:33]	[Train:train] Iter:329	loss=0.152660
[04-29-2018 20:09:04]	[Eval:valid] Iter:329	accuracy=0.843608
[04-29-2018 20:11:39]	[Eval:test] Iter:329	accuracy=0.845680
[04-29-2018 20:14:10]	[Train:train] Iter:330	loss=0.156180
[04-29-2018 20:14:41]	[Eval:valid] Iter:330	accuracy=0.837942
[04-29-2018 20:17:12]	[Eval:test] Iter:330	accuracy=0.840296
[04-29-2018 20:19:44]	[Train:train] Iter:331	loss=0.153148
[04-29-2018 20:20:15]	[Eval:valid] Iter:331	accuracy=0.839549
[04-29-2018 20:22:49]	[Eval:test] Iter:331	accuracy=0.842472
[04-29-2018 20:25:23]	[Train:train] Iter:332	loss=0.149098
[04-29-2018 20:25:53]	[Eval:valid] Iter:332	accuracy=0.845613
[04-29-2018 20:28:27]	[Eval:test] Iter:332	accuracy=0.846928
[04-29-2018 20:30:59]	[Train:train] Iter:333	loss=0.137436
[04-29-2018 20:31:30]	[Eval:valid] Iter:333	accuracy=0.842596
[04-29-2018 20:34:03]	[Eval:test] Iter:333	accuracy=0.845393
[04-29-2018 20:36:34]	[Train:train] Iter:334	loss=0.154354
[04-29-2018 20:37:05]	[Eval:valid] Iter:334	accuracy=0.843167
[04-29-2018 20:39:38]	[Eval:test] Iter:334	accuracy=0.846059
[04-29-2018 20:42:08]	[Train:train] Iter:335	loss=0.156317
[04-29-2018 20:42:38]	[Eval:valid] Iter:335	accuracy=0.843070
[04-29-2018 20:45:10]	[Eval:test] Iter:335	accuracy=0.844676
[04-29-2018 20:47:40]	[Train:train] Iter:336	loss=0.164079
[04-29-2018 20:48:11]	[Eval:valid] Iter:336	accuracy=0.844997
[04-29-2018 20:50:45]	[Eval:test] Iter:336	accuracy=0.846453
[04-29-2018 20:53:18]	[Train:train] Iter:337	loss=0.130742
[04-29-2018 20:53:49]	[Eval:valid] Iter:337	accuracy=0.843981
[04-29-2018 20:56:22]	[Eval:test] Iter:337	accuracy=0.844151
[04-29-2018 20:58:53]	[Train:train] Iter:338	loss=0.151156
[04-29-2018 20:59:24]	[Eval:valid] Iter:338	accuracy=0.844080
[04-29-2018 21:01:58]	[Eval:test] Iter:338	accuracy=0.844133
[04-29-2018 21:04:29]	[Train:train] Iter:339	loss=0.130570
[04-29-2018 21:05:00]	[Eval:valid] Iter:339	accuracy=0.844183
[04-29-2018 21:07:33]	[Eval:test] Iter:339	accuracy=0.845686
[04-29-2018 21:10:06]	[Train:train] Iter:340	loss=0.142767
[04-29-2018 21:10:37]	[Eval:valid] Iter:340	accuracy=0.830280
[04-29-2018 21:13:09]	[Eval:test] Iter:340	accuracy=0.830852
[04-29-2018 21:15:41]	[Train:train] Iter:341	loss=0.121543
[04-29-2018 21:16:12]	[Eval:valid] Iter:341	accuracy=0.838344
[04-29-2018 21:18:44]	[Eval:test] Iter:341	accuracy=0.838867
[04-29-2018 21:21:16]	[Train:train] Iter:342	loss=0.158319
[04-29-2018 21:21:46]	[Eval:valid] Iter:342	accuracy=0.824247
[04-29-2018 21:24:21]	[Eval:test] Iter:342	accuracy=0.823091
[04-29-2018 21:26:54]	[Train:train] Iter:343	loss=0.148831
[04-29-2018 21:27:24]	[Eval:valid] Iter:343	accuracy=0.844179
[04-29-2018 21:29:57]	[Eval:test] Iter:343	accuracy=0.844205
[04-29-2018 21:32:30]	[Train:train] Iter:344	loss=0.153297
[04-29-2018 21:33:01]	[Eval:valid] Iter:344	accuracy=0.843165
[04-29-2018 21:35:33]	[Eval:test] Iter:344	accuracy=0.844652
[04-29-2018 21:38:04]	[Train:train] Iter:345	loss=0.135690
[04-29-2018 21:38:34]	[Eval:valid] Iter:345	accuracy=0.838391
[04-29-2018 21:41:09]	[Eval:test] Iter:345	accuracy=0.840055
[04-29-2018 21:43:42]	[Train:train] Iter:346	loss=0.158051
[04-29-2018 21:44:13]	[Eval:valid] Iter:346	accuracy=0.837676
[04-29-2018 21:46:45]	[Eval:test] Iter:346	accuracy=0.839604
[04-29-2018 21:49:16]	[Train:train] Iter:347	loss=0.157461
[04-29-2018 21:49:47]	[Eval:valid] Iter:347	accuracy=0.845963
[04-29-2018 21:52:17]	[Eval:test] Iter:347	accuracy=0.845661
[04-29-2018 21:54:50]	[Train:train] Iter:348	loss=0.127477
[04-29-2018 21:55:21]	[Eval:valid] Iter:348	accuracy=0.843394
[04-29-2018 21:57:53]	[Eval:test] Iter:348	accuracy=0.844028
[04-29-2018 22:00:25]	[Train:train] Iter:349	loss=0.135030
[04-29-2018 22:00:55]	[Eval:valid] Iter:349	accuracy=0.846458
[04-29-2018 22:03:28]	[Eval:test] Iter:349	accuracy=0.847021
[04-29-2018 22:06:02]	[Train:train] Iter:350	loss=0.163005
[04-29-2018 22:06:33]	[Eval:valid] Iter:350	accuracy=0.837948
[04-29-2018 22:09:05]	[Eval:test] Iter:350	accuracy=0.839118
[04-29-2018 22:11:37]	[Train:train] Iter:351	loss=0.140489
[04-29-2018 22:12:08]	[Eval:valid] Iter:351	accuracy=0.844030
[04-29-2018 22:14:37]	[Eval:test] Iter:351	accuracy=0.844497
[04-29-2018 22:17:11]	[Train:train] Iter:352	loss=0.142777
[04-29-2018 22:17:42]	[Eval:valid] Iter:352	accuracy=0.842844
[04-29-2018 22:20:14]	[Eval:test] Iter:352	accuracy=0.843189
[04-29-2018 22:22:44]	[Train:train] Iter:353	loss=0.141918
[04-29-2018 22:23:15]	[Eval:valid] Iter:353	accuracy=0.845943
[04-29-2018 22:25:46]	[Eval:test] Iter:353	accuracy=0.845917
[04-29-2018 22:28:16]	[Train:train] Iter:354	loss=0.143072
[04-29-2018 22:28:47]	[Eval:valid] Iter:354	accuracy=0.846956
[04-29-2018 22:31:19]	[Eval:test] Iter:354	accuracy=0.846261
[04-29-2018 22:33:51]	[Train:train] Iter:355	loss=0.137029
[04-29-2018 22:34:22]	[Eval:valid] Iter:355	accuracy=0.845893
[04-29-2018 22:36:55]	[Eval:test] Iter:355	accuracy=0.847179
[04-29-2018 22:39:26]	[Train:train] Iter:356	loss=0.138281
[04-29-2018 22:39:57]	[Eval:valid] Iter:356	accuracy=0.845368
[04-29-2018 22:42:29]	[Eval:test] Iter:356	accuracy=0.845620
[04-29-2018 22:45:03]	[Train:train] Iter:357	loss=0.137177
[04-29-2018 22:45:34]	[Eval:valid] Iter:357	accuracy=0.841365
[04-29-2018 22:48:08]	[Eval:test] Iter:357	accuracy=0.843047
[04-29-2018 22:50:40]	[Train:train] Iter:358	loss=0.132099
[04-29-2018 22:51:10]	[Eval:valid] Iter:358	accuracy=0.845289
[04-29-2018 22:53:42]	[Eval:test] Iter:358	accuracy=0.847429
[04-29-2018 22:56:15]	[Train:train] Iter:359	loss=0.134495
[04-29-2018 22:56:46]	[Eval:valid] Iter:359	accuracy=0.845862
[04-29-2018 22:59:20]	[Eval:test] Iter:359	accuracy=0.846510
[04-29-2018 23:01:50]	[Train:train] Iter:360	loss=0.143765
[04-29-2018 23:02:21]	[Eval:valid] Iter:360	accuracy=0.838346
[04-29-2018 23:04:50]	[Eval:test] Iter:360	accuracy=0.842130
[04-29-2018 23:07:21]	[Train:train] Iter:361	loss=0.138853
[04-29-2018 23:07:51]	[Eval:valid] Iter:361	accuracy=0.842578
[04-29-2018 23:10:22]	[Eval:test] Iter:361	accuracy=0.845960
[04-29-2018 23:12:54]	[Train:train] Iter:362	loss=0.115102
[04-29-2018 23:13:25]	[Eval:valid] Iter:362	accuracy=0.845487
[04-29-2018 23:15:56]	[Eval:test] Iter:362	accuracy=0.848166
[04-29-2018 23:18:28]	[Train:train] Iter:363	loss=0.147362
[04-29-2018 23:18:58]	[Eval:valid] Iter:363	accuracy=0.843812
[04-29-2018 23:21:30]	[Eval:test] Iter:363	accuracy=0.846386
[04-29-2018 23:24:06]	[Train:train] Iter:364	loss=0.140555
[04-29-2018 23:24:36]	[Eval:valid] Iter:364	accuracy=0.841468
[04-29-2018 23:27:08]	[Eval:test] Iter:364	accuracy=0.844678
[04-29-2018 23:29:39]	[Train:train] Iter:365	loss=0.144891
[04-29-2018 23:30:09]	[Eval:valid] Iter:365	accuracy=0.827183
[04-29-2018 23:32:41]	[Eval:test] Iter:365	accuracy=0.829072
[04-29-2018 23:35:12]	[Train:train] Iter:366	loss=0.142322
[04-29-2018 23:35:43]	[Eval:valid] Iter:366	accuracy=0.841688
[04-29-2018 23:38:16]	[Eval:test] Iter:366	accuracy=0.843712
[04-29-2018 23:40:46]	[Train:train] Iter:367	loss=0.147325
[04-29-2018 23:41:16]	[Eval:valid] Iter:367	accuracy=0.842980
[04-29-2018 23:43:49]	[Eval:test] Iter:367	accuracy=0.845451
[04-29-2018 23:46:19]	[Train:train] Iter:368	loss=0.131599
[04-29-2018 23:46:50]	[Eval:valid] Iter:368	accuracy=0.844012
[04-29-2018 23:49:20]	[Eval:test] Iter:368	accuracy=0.846936
[04-29-2018 23:51:52]	[Train:train] Iter:369	loss=0.126763
[04-29-2018 23:52:23]	[Eval:valid] Iter:369	accuracy=0.843338
[04-29-2018 23:54:55]	[Eval:test] Iter:369	accuracy=0.846816
[04-29-2018 23:57:29]	[Train:train] Iter:370	loss=0.189899
[04-29-2018 23:57:59]	[Eval:valid] Iter:370	accuracy=0.815754
[04-30-2018 00:00:31]	[Eval:test] Iter:370	accuracy=0.814923
[04-30-2018 00:03:03]	[Train:train] Iter:371	loss=0.179834
[04-30-2018 00:03:33]	[Eval:valid] Iter:371	accuracy=0.822032
[04-30-2018 00:06:04]	[Eval:test] Iter:371	accuracy=0.821680
[04-30-2018 00:08:36]	[Train:train] Iter:372	loss=0.121490
[04-30-2018 00:09:06]	[Eval:valid] Iter:372	accuracy=0.841016
[04-30-2018 00:11:39]	[Eval:test] Iter:372	accuracy=0.842878
[04-30-2018 00:14:11]	[Train:train] Iter:373	loss=0.122311
[04-30-2018 00:14:42]	[Eval:valid] Iter:373	accuracy=0.844482
[04-30-2018 00:17:14]	[Eval:test] Iter:373	accuracy=0.845624
[04-30-2018 00:19:47]	[Train:train] Iter:374	loss=0.146730
[04-30-2018 00:20:17]	[Eval:valid] Iter:374	accuracy=0.840643
[04-30-2018 00:22:49]	[Eval:test] Iter:374	accuracy=0.843448
[04-30-2018 00:25:19]	[Train:train] Iter:375	loss=0.181913
[04-30-2018 00:25:49]	[Eval:valid] Iter:375	accuracy=0.837955
[04-30-2018 00:28:22]	[Eval:test] Iter:375	accuracy=0.839981
[04-30-2018 00:30:54]	[Train:train] Iter:376	loss=0.151845
[04-30-2018 00:31:24]	[Eval:valid] Iter:376	accuracy=0.838969
[04-30-2018 00:33:57]	[Eval:test] Iter:376	accuracy=0.840645
[04-30-2018 00:36:28]	[Train:train] Iter:377	loss=0.140277
[04-30-2018 00:36:58]	[Eval:valid] Iter:377	accuracy=0.839755
[04-30-2018 00:39:30]	[Eval:test] Iter:377	accuracy=0.841299
[04-30-2018 00:42:00]	[Train:train] Iter:378	loss=0.116986
[04-30-2018 00:42:30]	[Eval:valid] Iter:378	accuracy=0.842949
[04-30-2018 00:45:01]	[Eval:test] Iter:378	accuracy=0.844660
[04-30-2018 00:47:34]	[Train:train] Iter:379	loss=0.117544
[04-30-2018 00:48:05]	[Eval:valid] Iter:379	accuracy=0.837625
[04-30-2018 00:50:35]	[Eval:test] Iter:379	accuracy=0.837716
[04-30-2018 00:53:07]	[Train:train] Iter:380	loss=0.159597
[04-30-2018 00:53:37]	[Eval:valid] Iter:380	accuracy=0.838623
[04-30-2018 00:56:09]	[Eval:test] Iter:380	accuracy=0.840474
[04-30-2018 00:58:42]	[Train:train] Iter:381	loss=0.111869
[04-30-2018 00:59:13]	[Eval:valid] Iter:381	accuracy=0.840643
[04-30-2018 01:01:44]	[Eval:test] Iter:381	accuracy=0.843244
[04-30-2018 01:04:18]	[Train:train] Iter:382	loss=0.143490
[04-30-2018 01:04:49]	[Eval:valid] Iter:382	accuracy=0.843545
[04-30-2018 01:07:20]	[Eval:test] Iter:382	accuracy=0.844390
[04-30-2018 01:09:54]	[Train:train] Iter:383	loss=0.134851
[04-30-2018 01:10:25]	[Eval:valid] Iter:383	accuracy=0.843093
[04-30-2018 01:12:57]	[Eval:test] Iter:383	accuracy=0.844264
[04-30-2018 01:15:28]	[Train:train] Iter:384	loss=0.199091
[04-30-2018 01:15:59]	[Eval:valid] Iter:384	accuracy=0.823243
[04-30-2018 01:18:30]	[Eval:test] Iter:384	accuracy=0.821295
[04-30-2018 01:21:02]	[Train:train] Iter:385	loss=0.148905
[04-30-2018 01:21:33]	[Eval:valid] Iter:385	accuracy=0.820788
[04-30-2018 01:24:03]	[Eval:test] Iter:385	accuracy=0.821509
[04-30-2018 01:26:34]	[Train:train] Iter:386	loss=0.141121
[04-30-2018 01:27:05]	[Eval:valid] Iter:386	accuracy=0.811724
[04-30-2018 01:29:39]	[Eval:test] Iter:386	accuracy=0.811171
[04-30-2018 01:32:11]	[Train:train] Iter:387	loss=0.139234
[04-30-2018 01:32:41]	[Eval:valid] Iter:387	accuracy=0.845419
[04-30-2018 01:35:13]	[Eval:test] Iter:387	accuracy=0.845360
[04-30-2018 01:37:44]	[Train:train] Iter:388	loss=0.128112
[04-30-2018 01:38:15]	[Eval:valid] Iter:388	accuracy=0.841663
[04-30-2018 01:40:46]	[Eval:test] Iter:388	accuracy=0.842212
[04-30-2018 01:43:17]	[Train:train] Iter:389	loss=0.148542
[04-30-2018 01:43:48]	[Eval:valid] Iter:389	accuracy=0.842452
[04-30-2018 01:46:18]	[Eval:test] Iter:389	accuracy=0.842362
[04-30-2018 01:48:50]	[Train:train] Iter:390	loss=0.129045
[04-30-2018 01:49:20]	[Eval:valid] Iter:390	accuracy=0.842527
[04-30-2018 01:51:52]	[Eval:test] Iter:390	accuracy=0.844091
[04-30-2018 01:54:25]	[Train:train] Iter:391	loss=0.115586
[04-30-2018 01:54:55]	[Eval:valid] Iter:391	accuracy=0.845246
[04-30-2018 01:57:28]	[Eval:test] Iter:391	accuracy=0.846868
[04-30-2018 01:59:59]	[Train:train] Iter:392	loss=0.122520
[04-30-2018 02:00:29]	[Eval:valid] Iter:392	accuracy=0.839960
[04-30-2018 02:02:59]	[Eval:test] Iter:392	accuracy=0.839987
[04-30-2018 02:05:29]	[Train:train] Iter:393	loss=0.138942
[04-30-2018 02:06:00]	[Eval:valid] Iter:393	accuracy=0.844974
[04-30-2018 02:08:31]	[Eval:test] Iter:393	accuracy=0.844736
[04-30-2018 02:11:02]	[Train:train] Iter:394	loss=0.128482
[04-30-2018 02:11:32]	[Eval:valid] Iter:394	accuracy=0.843592
[04-30-2018 02:14:03]	[Eval:test] Iter:394	accuracy=0.845702
[04-30-2018 02:16:35]	[Train:train] Iter:395	loss=0.125259
[04-30-2018 02:17:06]	[Eval:valid] Iter:395	accuracy=0.845327
[04-30-2018 02:19:43]	[Eval:test] Iter:395	accuracy=0.846771
[04-30-2018 02:22:15]	[Train:train] Iter:396	loss=0.115365
[04-30-2018 02:22:45]	[Eval:valid] Iter:396	accuracy=0.845722
[04-30-2018 02:25:16]	[Eval:test] Iter:396	accuracy=0.846712
[04-30-2018 02:27:47]	[Train:train] Iter:397	loss=0.127621
[04-30-2018 02:28:18]	[Eval:valid] Iter:397	accuracy=0.842504
[04-30-2018 02:30:49]	[Eval:test] Iter:397	accuracy=0.843792
[04-30-2018 02:33:24]	[Train:train] Iter:398	loss=0.104716
[04-30-2018 02:33:54]	[Eval:valid] Iter:398	accuracy=0.846089
[04-30-2018 02:36:23]	[Eval:test] Iter:398	accuracy=0.845198
[04-30-2018 02:38:55]	[Train:train] Iter:399	loss=0.106797
[04-30-2018 02:39:26]	[Eval:valid] Iter:399	accuracy=0.843758
[04-30-2018 02:41:57]	[Eval:test] Iter:399	accuracy=0.845470
[04-30-2018 02:44:30]	[Train:train] Iter:400	loss=0.143188
[04-30-2018 02:45:00]	[Eval:valid] Iter:400	accuracy=0.842007
[04-30-2018 02:47:31]	[Eval:test] Iter:400	accuracy=0.843288
[04-30-2018 02:50:02]	[Train:train] Iter:401	loss=0.141826
[04-30-2018 02:50:32]	[Eval:valid] Iter:401	accuracy=0.840587
[04-30-2018 02:53:03]	[Eval:test] Iter:401	accuracy=0.840084
[04-30-2018 02:55:35]	[Train:train] Iter:402	loss=0.114352
[04-30-2018 02:56:06]	[Eval:valid] Iter:402	accuracy=0.840355
[04-30-2018 02:58:36]	[Eval:test] Iter:402	accuracy=0.839903
[04-30-2018 03:01:06]	[Train:train] Iter:403	loss=0.140662
[04-30-2018 03:01:37]	[Eval:valid] Iter:403	accuracy=0.841558
[04-30-2018 03:04:07]	[Eval:test] Iter:403	accuracy=0.844981
[04-30-2018 03:06:38]	[Train:train] Iter:404	loss=0.136416
[04-30-2018 03:07:08]	[Eval:valid] Iter:404	accuracy=0.846359
[04-30-2018 03:09:39]	[Eval:test] Iter:404	accuracy=0.847373
[04-30-2018 03:12:10]	[Train:train] Iter:405	loss=0.125243
[04-30-2018 03:12:41]	[Eval:valid] Iter:405	accuracy=0.846676
[04-30-2018 03:15:11]	[Eval:test] Iter:405	accuracy=0.847647
[04-30-2018 03:17:43]	[Train:train] Iter:406	loss=0.106499
[04-30-2018 03:18:14]	[Eval:valid] Iter:406	accuracy=0.843747
[04-30-2018 03:20:44]	[Eval:test] Iter:406	accuracy=0.843049
[04-30-2018 03:23:13]	[Train:train] Iter:407	loss=0.119286
[04-30-2018 03:23:44]	[Eval:valid] Iter:407	accuracy=0.845077
[04-30-2018 03:26:13]	[Eval:test] Iter:407	accuracy=0.845550
[04-30-2018 03:28:44]	[Train:train] Iter:408	loss=0.104534
[04-30-2018 03:29:15]	[Eval:valid] Iter:408	accuracy=0.840279
[04-30-2018 03:31:47]	[Eval:test] Iter:408	accuracy=0.842910
[04-30-2018 03:34:17]	[Train:train] Iter:409	loss=0.118802
[04-30-2018 03:34:47]	[Eval:valid] Iter:409	accuracy=0.841416
[04-30-2018 03:37:19]	[Eval:test] Iter:409	accuracy=0.844348
[04-30-2018 03:39:48]	[Train:train] Iter:410	loss=0.116931
[04-30-2018 03:40:19]	[Eval:valid] Iter:410	accuracy=0.845666
[04-30-2018 03:42:50]	[Eval:test] Iter:410	accuracy=0.845407
[04-30-2018 03:45:21]	[Train:train] Iter:411	loss=0.122661
[04-30-2018 03:45:51]	[Eval:valid] Iter:411	accuracy=0.844803
[04-30-2018 03:48:25]	[Eval:test] Iter:411	accuracy=0.846617
[04-30-2018 03:50:57]	[Train:train] Iter:412	loss=0.114272
[04-30-2018 03:51:28]	[Eval:valid] Iter:412	accuracy=0.845273
[04-30-2018 03:53:57]	[Eval:test] Iter:412	accuracy=0.846588
[04-30-2018 03:56:27]	[Train:train] Iter:413	loss=0.123856
[04-30-2018 03:56:58]	[Eval:valid] Iter:413	accuracy=0.846377
[04-30-2018 03:59:31]	[Eval:test] Iter:413	accuracy=0.848220
[04-30-2018 04:02:02]	[Train:train] Iter:414	loss=0.120650
[04-30-2018 04:02:33]	[Eval:valid] Iter:414	accuracy=0.844356
[04-30-2018 04:05:04]	[Eval:test] Iter:414	accuracy=0.844730
[04-30-2018 04:07:38]	[Train:train] Iter:415	loss=0.111772
[04-30-2018 04:08:09]	[Eval:valid] Iter:415	accuracy=0.846058
[04-30-2018 04:10:40]	[Eval:test] Iter:415	accuracy=0.845177
[04-30-2018 04:13:10]	[Train:train] Iter:416	loss=0.116075
[04-30-2018 04:13:41]	[Eval:valid] Iter:416	accuracy=0.843486
[04-30-2018 04:16:11]	[Eval:test] Iter:416	accuracy=0.844905
[04-30-2018 04:18:43]	[Train:train] Iter:417	loss=0.106690
[04-30-2018 04:19:14]	[Eval:valid] Iter:417	accuracy=0.846651
[04-30-2018 04:21:42]	[Eval:test] Iter:417	accuracy=0.846813
[04-30-2018 04:24:12]	[Train:train] Iter:418	loss=0.120397
[04-30-2018 04:24:43]	[Eval:valid] Iter:418	accuracy=0.842650
[04-30-2018 04:27:13]	[Eval:test] Iter:418	accuracy=0.843049
[04-30-2018 04:29:44]	[Train:train] Iter:419	loss=0.126804
[04-30-2018 04:30:14]	[Eval:valid] Iter:419	accuracy=0.843742
[04-30-2018 04:32:46]	[Eval:test] Iter:419	accuracy=0.843168
[04-30-2018 04:35:17]	[Train:train] Iter:420	loss=0.112598
[04-30-2018 04:35:47]	[Eval:valid] Iter:420	accuracy=0.846707
[04-30-2018 04:38:18]	[Eval:test] Iter:420	accuracy=0.846291
[04-30-2018 04:40:50]	[Train:train] Iter:421	loss=0.109575
[04-30-2018 04:41:20]	[Eval:valid] Iter:421	accuracy=0.836818
[04-30-2018 04:43:51]	[Eval:test] Iter:421	accuracy=0.837608
[04-30-2018 04:46:21]	[Train:train] Iter:422	loss=0.094277
[04-30-2018 04:46:52]	[Eval:valid] Iter:422	accuracy=0.845327
[04-30-2018 04:49:25]	[Eval:test] Iter:422	accuracy=0.845970
[04-30-2018 04:51:55]	[Train:train] Iter:423	loss=0.129751
[04-30-2018 04:52:25]	[Eval:valid] Iter:423	accuracy=0.846087
[04-30-2018 04:55:01]	[Eval:test] Iter:423	accuracy=0.847803
[04-30-2018 04:57:32]	[Train:train] Iter:424	loss=0.136564
[04-30-2018 04:58:02]	[Eval:valid] Iter:424	accuracy=0.828437
[04-30-2018 05:00:36]	[Eval:test] Iter:424	accuracy=0.827884
[04-30-2018 05:03:08]	[Train:train] Iter:425	loss=0.118328
[04-30-2018 05:03:38]	[Eval:valid] Iter:425	accuracy=0.846046
[04-30-2018 05:06:09]	[Eval:test] Iter:425	accuracy=0.846687
[04-30-2018 05:08:44]	[Train:train] Iter:426	loss=0.118178
[04-30-2018 05:09:15]	[Eval:valid] Iter:426	accuracy=0.846828
[04-30-2018 05:11:47]	[Eval:test] Iter:426	accuracy=0.848374
[04-30-2018 05:14:21]	[Train:train] Iter:427	loss=0.122324
[04-30-2018 05:14:51]	[Eval:valid] Iter:427	accuracy=0.846266
[04-30-2018 05:17:23]	[Eval:test] Iter:427	accuracy=0.847449
[04-30-2018 05:19:56]	[Train:train] Iter:428	loss=0.128404
[04-30-2018 05:20:27]	[Eval:valid] Iter:428	accuracy=0.845037
[04-30-2018 05:22:56]	[Eval:test] Iter:428	accuracy=0.845278
[04-30-2018 05:25:28]	[Train:train] Iter:429	loss=0.123313
[04-30-2018 05:25:58]	[Eval:valid] Iter:429	accuracy=0.842165
[04-30-2018 05:28:30]	[Eval:test] Iter:429	accuracy=0.842354
[04-30-2018 05:31:00]	[Train:train] Iter:430	loss=0.122101
[04-30-2018 05:31:30]	[Eval:valid] Iter:430	accuracy=0.844406
[04-30-2018 05:34:02]	[Eval:test] Iter:430	accuracy=0.845200
[04-30-2018 05:36:33]	[Train:train] Iter:431	loss=0.115524
[04-30-2018 05:37:04]	[Eval:valid] Iter:431	accuracy=0.836589
[04-30-2018 05:39:35]	[Eval:test] Iter:431	accuracy=0.836001
[04-30-2018 05:42:06]	[Train:train] Iter:432	loss=0.130367
[04-30-2018 05:42:37]	[Eval:valid] Iter:432	accuracy=0.847024
[04-30-2018 05:45:06]	[Eval:test] Iter:432	accuracy=0.846854
[04-30-2018 05:47:38]	[Train:train] Iter:433	loss=0.135554
[04-30-2018 05:48:08]	[Eval:valid] Iter:433	accuracy=0.845642
[04-30-2018 05:50:39]	[Eval:test] Iter:433	accuracy=0.846557
[04-30-2018 05:53:10]	[Train:train] Iter:434	loss=0.094500
[04-30-2018 05:53:40]	[Eval:valid] Iter:434	accuracy=0.846900
[04-30-2018 05:56:12]	[Eval:test] Iter:434	accuracy=0.848271
[04-30-2018 05:58:42]	[Train:train] Iter:435	loss=0.115202
[04-30-2018 05:59:12]	[Eval:valid] Iter:435	accuracy=0.846878
[04-30-2018 06:01:47]	[Eval:test] Iter:435	accuracy=0.848611
[04-30-2018 06:04:18]	[Train:train] Iter:436	loss=0.116244
[04-30-2018 06:04:49]	[Eval:valid] Iter:436	accuracy=0.832685
[04-30-2018 06:07:20]	[Eval:test] Iter:436	accuracy=0.830820
[04-30-2018 06:09:51]	[Train:train] Iter:437	loss=0.152472
[04-30-2018 06:10:22]	[Eval:valid] Iter:437	accuracy=0.830372
[04-30-2018 06:12:53]	[Eval:test] Iter:437	accuracy=0.831899
[04-30-2018 06:15:27]	[Train:train] Iter:438	loss=0.125317
[04-30-2018 06:15:57]	[Eval:valid] Iter:438	accuracy=0.845217
[04-30-2018 06:18:29]	[Eval:test] Iter:438	accuracy=0.845832
[04-30-2018 06:20:59]	[Train:train] Iter:439	loss=0.129282
[04-30-2018 06:21:29]	[Eval:valid] Iter:439	accuracy=0.836339
[04-30-2018 06:23:59]	[Eval:test] Iter:439	accuracy=0.835354
[04-30-2018 06:26:30]	[Train:train] Iter:440	loss=0.117799
[04-30-2018 06:27:01]	[Eval:valid] Iter:440	accuracy=0.846332
[04-30-2018 06:29:30]	[Eval:test] Iter:440	accuracy=0.846679
[04-30-2018 06:32:00]	[Train:train] Iter:441	loss=0.108191
[04-30-2018 06:32:31]	[Eval:valid] Iter:441	accuracy=0.838443
[04-30-2018 06:35:03]	[Eval:test] Iter:441	accuracy=0.839631
[04-30-2018 06:37:35]	[Train:train] Iter:442	loss=0.111757
[04-30-2018 06:38:06]	[Eval:valid] Iter:442	accuracy=0.846927
[04-30-2018 06:40:37]	[Eval:test] Iter:442	accuracy=0.846263
[04-30-2018 06:43:06]	[Train:train] Iter:443	loss=0.110548
[04-30-2018 06:43:36]	[Eval:valid] Iter:443	accuracy=0.846356
[04-30-2018 06:46:06]	[Eval:test] Iter:443	accuracy=0.844895
[04-30-2018 06:48:36]	[Train:train] Iter:444	loss=0.108106
[04-30-2018 06:49:07]	[Eval:valid] Iter:444	accuracy=0.838099
[04-30-2018 06:51:38]	[Eval:test] Iter:444	accuracy=0.839155
[04-30-2018 06:54:15]	[Train:train] Iter:445	loss=0.105250
[04-30-2018 06:54:45]	[Eval:valid] Iter:445	accuracy=0.840196
[04-30-2018 06:57:18]	[Eval:test] Iter:445	accuracy=0.841310
[04-30-2018 06:59:48]	[Train:train] Iter:446	loss=0.116321
[04-30-2018 07:00:18]	[Eval:valid] Iter:446	accuracy=0.840639
[04-30-2018 07:02:50]	[Eval:test] Iter:446	accuracy=0.842276
[04-30-2018 07:05:20]	[Train:train] Iter:447	loss=0.133788
[04-30-2018 07:05:51]	[Eval:valid] Iter:447	accuracy=0.843761
[04-30-2018 07:08:23]	[Eval:test] Iter:447	accuracy=0.844100
[04-30-2018 07:10:53]	[Train:train] Iter:448	loss=0.114086
[04-30-2018 07:11:24]	[Eval:valid] Iter:448	accuracy=0.842468
[04-30-2018 07:13:54]	[Eval:test] Iter:448	accuracy=0.843764
[04-30-2018 07:16:25]	[Train:train] Iter:449	loss=0.122148
[04-30-2018 07:16:56]	[Eval:valid] Iter:449	accuracy=0.845734
[04-30-2018 07:19:27]	[Eval:test] Iter:449	accuracy=0.844853
[04-30-2018 07:21:59]	[Train:train] Iter:450	loss=0.126084
[04-30-2018 07:22:29]	[Eval:valid] Iter:450	accuracy=0.845307
[04-30-2018 07:25:00]	[Eval:test] Iter:450	accuracy=0.843811
[04-30-2018 07:27:32]	[Train:train] Iter:451	loss=0.128415
[04-30-2018 07:28:03]	[Eval:valid] Iter:451	accuracy=0.844968
[04-30-2018 07:30:37]	[Eval:test] Iter:451	accuracy=0.843570
[04-30-2018 07:33:09]	[Train:train] Iter:452	loss=0.097511
[04-30-2018 07:33:39]	[Eval:valid] Iter:452	accuracy=0.847188
[04-30-2018 07:36:10]	[Eval:test] Iter:452	accuracy=0.846928
[04-30-2018 07:38:40]	[Train:train] Iter:453	loss=0.094677
[04-30-2018 07:39:10]	[Eval:valid] Iter:453	accuracy=0.842477
[04-30-2018 07:41:41]	[Eval:test] Iter:453	accuracy=0.842565
[04-30-2018 07:44:14]	[Train:train] Iter:454	loss=0.100213
[04-30-2018 07:44:45]	[Eval:valid] Iter:454	accuracy=0.845909
[04-30-2018 07:47:18]	[Eval:test] Iter:454	accuracy=0.846685
[04-30-2018 07:49:50]	[Train:train] Iter:455	loss=0.137663
[04-30-2018 07:50:21]	[Eval:valid] Iter:455	accuracy=0.836986
[04-30-2018 07:52:53]	[Eval:test] Iter:455	accuracy=0.837630
[04-30-2018 07:55:24]	[Train:train] Iter:456	loss=0.112423
[04-30-2018 07:55:56]	[Eval:valid] Iter:456	accuracy=0.846894
[04-30-2018 07:58:26]	[Eval:test] Iter:456	accuracy=0.847206
[04-30-2018 08:00:57]	[Train:train] Iter:457	loss=0.110368
[04-30-2018 08:01:27]	[Eval:valid] Iter:457	accuracy=0.845903
[04-30-2018 08:03:57]	[Eval:test] Iter:457	accuracy=0.846761
[04-30-2018 08:06:29]	[Train:train] Iter:458	loss=0.127460
[04-30-2018 08:07:00]	[Eval:valid] Iter:458	accuracy=0.843513
[04-30-2018 08:09:32]	[Eval:test] Iter:458	accuracy=0.845017
[04-30-2018 08:12:05]	[Train:train] Iter:459	loss=0.108185
[04-30-2018 08:12:36]	[Eval:valid] Iter:459	accuracy=0.845003
[04-30-2018 08:15:07]	[Eval:test] Iter:459	accuracy=0.846139
[04-30-2018 08:17:38]	[Train:train] Iter:460	loss=0.111005
[04-30-2018 08:18:09]	[Eval:valid] Iter:460	accuracy=0.846100
[04-30-2018 08:20:40]	[Eval:test] Iter:460	accuracy=0.847052
[04-30-2018 08:23:11]	[Train:train] Iter:461	loss=0.109140
[04-30-2018 08:23:41]	[Eval:valid] Iter:461	accuracy=0.839699
[04-30-2018 08:26:11]	[Eval:test] Iter:461	accuracy=0.841415
[04-30-2018 08:28:41]	[Train:train] Iter:462	loss=0.115649
[04-30-2018 08:29:11]	[Eval:valid] Iter:462	accuracy=0.845658
[04-30-2018 08:31:42]	[Eval:test] Iter:462	accuracy=0.846318
[04-30-2018 08:34:13]	[Train:train] Iter:463	loss=0.098876
[04-30-2018 08:34:43]	[Eval:valid] Iter:463	accuracy=0.845804
[04-30-2018 08:37:13]	[Eval:test] Iter:463	accuracy=0.845430
[04-30-2018 08:39:43]	[Train:train] Iter:464	loss=0.110976
[04-30-2018 08:40:13]	[Eval:valid] Iter:464	accuracy=0.847838
[04-30-2018 08:42:44]	[Eval:test] Iter:464	accuracy=0.848224
[04-30-2018 08:45:16]	[Train:train] Iter:465	loss=0.116797
[04-30-2018 08:45:47]	[Eval:valid] Iter:465	accuracy=0.845147
[04-30-2018 08:48:18]	[Eval:test] Iter:465	accuracy=0.845477
[04-30-2018 08:50:49]	[Train:train] Iter:466	loss=0.093922
[04-30-2018 08:51:20]	[Eval:valid] Iter:466	accuracy=0.846707
[04-30-2018 08:53:52]	[Eval:test] Iter:466	accuracy=0.847921
[04-30-2018 08:56:22]	[Train:train] Iter:467	loss=0.101927
[04-30-2018 08:56:53]	[Eval:valid] Iter:467	accuracy=0.846703
[04-30-2018 08:59:25]	[Eval:test] Iter:467	accuracy=0.846137
[04-30-2018 09:01:55]	[Train:train] Iter:468	loss=0.111913
[04-30-2018 09:02:26]	[Eval:valid] Iter:468	accuracy=0.846435
[04-30-2018 09:04:56]	[Eval:test] Iter:468	accuracy=0.848119
[04-30-2018 09:07:28]	[Train:train] Iter:469	loss=0.106168
[04-30-2018 09:07:59]	[Eval:valid] Iter:469	accuracy=0.846826
[04-30-2018 09:10:30]	[Eval:test] Iter:469	accuracy=0.847077
[04-30-2018 09:13:01]	[Train:train] Iter:470	loss=0.107104
[04-30-2018 09:13:32]	[Eval:valid] Iter:470	accuracy=0.846482
[04-30-2018 09:16:04]	[Eval:test] Iter:470	accuracy=0.848376
[04-30-2018 09:18:34]	[Train:train] Iter:471	loss=0.104764
[04-30-2018 09:19:04]	[Eval:valid] Iter:471	accuracy=0.848728
[04-30-2018 09:21:36]	[Eval:test] Iter:471	accuracy=0.847917
[04-30-2018 09:24:06]	[Train:train] Iter:472	loss=0.108818
[04-30-2018 09:24:36]	[Eval:valid] Iter:472	accuracy=0.846606
[04-30-2018 09:27:08]	[Eval:test] Iter:472	accuracy=0.847807
[04-30-2018 09:29:39]	[Train:train] Iter:473	loss=0.091686
[04-30-2018 09:30:10]	[Eval:valid] Iter:473	accuracy=0.843639
[04-30-2018 09:32:40]	[Eval:test] Iter:473	accuracy=0.845278
[04-30-2018 09:35:12]	[Train:train] Iter:474	loss=0.103995
[04-30-2018 09:35:43]	[Eval:valid] Iter:474	accuracy=0.847467
[04-30-2018 09:38:15]	[Eval:test] Iter:474	accuracy=0.847206
[04-30-2018 09:40:46]	[Train:train] Iter:475	loss=0.100324
[04-30-2018 09:41:17]	[Eval:valid] Iter:475	accuracy=0.844927
[04-30-2018 09:43:49]	[Eval:test] Iter:475	accuracy=0.844884
[04-30-2018 09:46:20]	[Train:train] Iter:476	loss=0.097518
[04-30-2018 09:46:50]	[Eval:valid] Iter:476	accuracy=0.848660
[04-30-2018 09:49:22]	[Eval:test] Iter:476	accuracy=0.847145
[04-30-2018 09:51:53]	[Train:train] Iter:477	loss=0.098917
[04-30-2018 09:52:23]	[Eval:valid] Iter:477	accuracy=0.848411
[04-30-2018 09:54:54]	[Eval:test] Iter:477	accuracy=0.847470
[04-30-2018 09:57:25]	[Train:train] Iter:478	loss=0.102943
[04-30-2018 09:57:56]	[Eval:valid] Iter:478	accuracy=0.842104
[04-30-2018 10:00:27]	[Eval:test] Iter:478	accuracy=0.840552
[04-30-2018 10:02:59]	[Train:train] Iter:479	loss=0.098371
[04-30-2018 10:03:30]	[Eval:valid] Iter:479	accuracy=0.847096
[04-30-2018 10:06:00]	[Eval:test] Iter:479	accuracy=0.845266
[04-30-2018 10:08:31]	[Train:train] Iter:480	loss=0.090637
[04-30-2018 10:09:01]	[Eval:valid] Iter:480	accuracy=0.847345
[04-30-2018 10:11:31]	[Eval:test] Iter:480	accuracy=0.845466
[04-30-2018 10:14:02]	[Train:train] Iter:481	loss=0.097096
[04-30-2018 10:14:33]	[Eval:valid] Iter:481	accuracy=0.843387
[04-30-2018 10:17:06]	[Eval:test] Iter:481	accuracy=0.840453
[04-30-2018 10:19:35]	[Train:train] Iter:482	loss=0.111934
[04-30-2018 10:20:05]	[Eval:valid] Iter:482	accuracy=0.843880
[04-30-2018 10:22:36]	[Eval:test] Iter:482	accuracy=0.841067
[04-30-2018 10:25:08]	[Train:train] Iter:483	loss=0.094205
[04-30-2018 10:25:38]	[Eval:valid] Iter:483	accuracy=0.844797
[04-30-2018 10:28:08]	[Eval:test] Iter:483	accuracy=0.843218
[04-30-2018 10:30:38]	[Train:train] Iter:484	loss=0.112685
[04-30-2018 10:31:09]	[Eval:valid] Iter:484	accuracy=0.841459
[04-30-2018 10:33:39]	[Eval:test] Iter:484	accuracy=0.842356
[04-30-2018 10:36:17]	[Train:train] Iter:485	loss=0.085607
[04-30-2018 10:36:48]	[Eval:valid] Iter:485	accuracy=0.843956
[04-30-2018 10:39:19]	[Eval:test] Iter:485	accuracy=0.843420
[04-30-2018 10:41:50]	[Train:train] Iter:486	loss=0.104395
[04-30-2018 10:42:21]	[Eval:valid] Iter:486	accuracy=0.844729
[04-30-2018 10:44:51]	[Eval:test] Iter:486	accuracy=0.844996
[04-30-2018 10:47:22]	[Train:train] Iter:487	loss=0.111393
[04-30-2018 10:47:53]	[Eval:valid] Iter:487	accuracy=0.848114
[04-30-2018 10:50:23]	[Eval:test] Iter:487	accuracy=0.846730
[04-30-2018 10:52:57]	[Train:train] Iter:488	loss=0.122233
[04-30-2018 10:53:28]	[Eval:valid] Iter:488	accuracy=0.848040
[04-30-2018 10:55:59]	[Eval:test] Iter:488	accuracy=0.845361
[04-30-2018 10:58:31]	[Train:train] Iter:489	loss=0.086131
[04-30-2018 10:59:01]	[Eval:valid] Iter:489	accuracy=0.848433
[04-30-2018 11:01:32]	[Eval:test] Iter:489	accuracy=0.847715
[04-30-2018 11:04:04]	[Train:train] Iter:490	loss=0.103399
[04-30-2018 11:04:34]	[Eval:valid] Iter:490	accuracy=0.845098
[04-30-2018 11:07:04]	[Eval:test] Iter:490	accuracy=0.846308
[04-30-2018 11:09:37]	[Train:train] Iter:491	loss=0.073687
[04-30-2018 11:10:07]	[Eval:valid] Iter:491	accuracy=0.848802
[04-30-2018 11:12:40]	[Eval:test] Iter:491	accuracy=0.848725
[04-30-2018 11:15:11]	[Train:train] Iter:492	loss=0.104390
[04-30-2018 11:15:41]	[Eval:valid] Iter:492	accuracy=0.841358
[04-30-2018 11:18:12]	[Eval:test] Iter:492	accuracy=0.842493
[04-30-2018 11:20:44]	[Train:train] Iter:493	loss=0.098167
[04-30-2018 11:21:15]	[Eval:valid] Iter:493	accuracy=0.846152
[04-30-2018 11:23:46]	[Eval:test] Iter:493	accuracy=0.846502
[04-30-2018 11:26:16]	[Train:train] Iter:494	loss=0.119841
[04-30-2018 11:26:47]	[Eval:valid] Iter:494	accuracy=0.848878
[04-30-2018 11:29:17]	[Eval:test] Iter:494	accuracy=0.848065
[04-30-2018 11:31:50]	[Train:train] Iter:495	loss=0.111347
[04-30-2018 11:32:20]	[Eval:valid] Iter:495	accuracy=0.842686
[04-30-2018 11:34:51]	[Eval:test] Iter:495	accuracy=0.843168
[04-30-2018 11:37:22]	[Train:train] Iter:496	loss=0.100020
[04-30-2018 11:37:53]	[Eval:valid] Iter:496	accuracy=0.847035
[04-30-2018 11:40:25]	[Eval:test] Iter:496	accuracy=0.847775
[04-30-2018 11:42:58]	[Train:train] Iter:497	loss=0.092659
[04-30-2018 11:43:28]	[Eval:valid] Iter:497	accuracy=0.844149
[04-30-2018 11:46:00]	[Eval:test] Iter:497	accuracy=0.845620
[04-30-2018 11:48:31]	[Train:train] Iter:498	loss=0.104074
[04-30-2018 11:49:01]	[Eval:valid] Iter:498	accuracy=0.844893
[04-30-2018 11:51:33]	[Eval:test] Iter:498	accuracy=0.847004
[04-30-2018 11:54:03]	[Train:train] Iter:499	loss=0.106326
[04-30-2018 11:54:34]	[Eval:valid] Iter:499	accuracy=0.837751
[04-30-2018 11:57:05]	[Eval:test] Iter:499	accuracy=0.839178

